tactile,caption,positives,match_source,rank_t2r,note
images_tac/image_437_tac.jpg,"smooth, glossy, patterned","[2949, 2565, 9, 1802, 3981, 3854, 3216, 2709, 3102, 547, 427, 2553, 1207, 1080, 3274, 1229, 4430, 1488, 1105, 3796, 1237, 3160, 2397, 3170, 3555, 997, 1766, 1255, 4583, 2924, 1006, 626, 3828, 4213, 1270, 1401]",approx,64,
images_tac/image_4210_tac.jpg,"flat, lined, hard","[3889, 4367]",strict,473,
images_tac/image_3312_tac.jpg,"fabric, coarse, deformable","[6, 2567, 3088, 4116, 3095, 24, 4120, 538, 542, 543, 4128, 3105, 4131, 43, 3115, 46, 4143, 2097, 565, 4152, 61, 3136, 70, 71, 2636, 2637, 4172, 3151, 4173, 3154, 88, 3163, 3680, 99, 3176, 3182, 625, 1651, 629, 1658, 123, 635, 1667, 3209, 3722, 1676, 1677, 2191, 2703, 657, 3219, 150, 3222, 2716, 163, 3748, 3240, 4264, 2220, 3245, 2224, 2225, 690, 3763, 3250, 1717, 1721, 1724, 1725, 1213, 3284, 2774, 1239, 2778, 2785, 2274, 3303, 1774, 1775, 2801, 4343, 1279, 2823, 3338, 3342, 3858, 1300, 3864, 3865, 2841, 286, 3877, 3371, 3883, 2859, 2863, 2866, 3379, 3378, 2873, 3385, 1851, 2876, 831, 2893, 3408, 3409, 3411, 853, 3419, 3933, 2916, 1383, 3945, 1386, 4459, 3436, 3437, 3954, 1906, 3444, 3445, 3959, 888, 889, 1402, 1924, 3973, 3473, 1938, 4499, 2452, 3996, 3997, 419, 4004, 4005, 4516, 2471, 4008, 3497, 2984, 1956, 3502, 2990, 1968, 3503, 4018, 1456, 4022, 2999, 955, 445, 4032, 4033, 962, 963, 3525, 455, 4040, 4041, 3017, 2505, 973, 3021, 4564, 2005, 3031, 4058, 1499, 4059, 4063, 482, 483, 4067, 1508, 4066, 2018, 3560, 3052, 4083, 3064, 3065, 4092]",approx,5,
images_tac/image_3131_tac.jpg,"sewn, coarse, fabric, deformable","[6, 2567, 3088, 4116, 3095, 24, 4120, 538, 542, 543, 4128, 3105, 3106, 4131, 4132, 43, 3115, 46, 4143, 2097, 565, 4152, 3129, 61, 3136, 70, 71, 2636, 2637, 3151, 3154, 3163, 3680, 99, 3176, 2670, 3182, 625, 1651, 629, 1658, 123, 635, 1667, 3209, 3722, 1676, 1677, 2191, 2703, 657, 3219, 2708, 147, 150, 3222, 3738, 2716, 2718, 1698, 163, 3748, 3240, 4264, 2220, 3245, 2224, 2225, 690, 3763, 3250, 1717, 2745, 1721, 1724, 1725, 3774, 1213, 3789, 2774, 1239, 2778, 2266, 1759, 2785, 2274, 3303, 1774, 1775, 2801, 4343, 1279, 3845, 2823, 3338, 3342, 1300, 3864, 281, 3865, 2841, 286, 288, 3877, 3371, 2859, 2863, 2866, 3379, 3378, 2873, 3385, 1851, 2876, 831, 2893, 3408, 3409, 3411, 853, 341, 3419, 3933, 2916, 1383, 3945, 1386, 3436, 3437, 3954, 1906, 3444, 3445, 3959, 888, 889, 1402, 1924, 3973, 2950, 2951, 3471, 3473, 1938, 4499, 2452, 3996, 3997, 419, 4004, 4005, 2982, 2471, 4008, 3497, 2984, 1956, 3502, 2990, 1968, 4017, 4018, 3503, 1456, 4022, 2999, 955, 443, 4032, 4033, 962, 963, 3525, 455, 4040, 4041, 3017, 4043, 2505, 973, 3021, 4564, 2005, 3031, 4058, 1499, 4059, 4063, 3040, 482, 483, 4067, 1508, 4066, 2018, 3560, 3052, 4083, 3064, 3065, 4092]",approx,11,
images_tac/image_3881_tac.jpg,,,,0,no positives_from_caption
images_tac/image_2275_tac.jpg,"lined, deformable, soft, woven","[0, 1, 2052, 2054, 6, 2069, 2071, 24, 2072, 2074, 2078, 32, 2081, 2080, 2083, 2084, 2085, 34, 2088, 2089, 2090, 4139, 4140, 4141, 47, 2095, 2098, 2099, 2100, 2101, 2104, 2105, 56, 2106, 60, 2109, 2110, 2111, 58, 4158, 2114, 2115, 2116, 4162, 2118, 2119, 4159, 2122, 2123, 2131, 2132, 2133, 2135, 2136, 2137, 2140, 93, 2141, 2146, 4198, 2151, 4199, 4204, 4205, 2158, 2157, 2156, 2163, 116, 117, 120, 121, 4216, 4218, 2181, 2182, 4231, 2184, 4233, 2186, 2183, 2185, 136, 2192, 2193, 160, 2208, 4258, 163, 4260, 4259, 2214, 2215, 168, 2217, 169, 2216, 2218, 2221, 2222, 2219, 170, 2223, 2226, 2227, 4267, 186, 187, 188, 2237, 2238, 2239, 2236, 2240, 2242, 4291, 196, 4293, 2244, 199, 4292, 2248, 2243, 203, 2252, 2253, 2249, 2254, 2247, 2255, 2251, 2263, 4317, 2270, 2271, 2272, 4321, 4320, 4322, 2276, 2273, 2286, 4335, 2287, 239, 2296, 2297, 2298, 251, 4349, 2302, 2303, 4352, 257, 4353, 260, 2312, 267, 274, 2324, 279, 2332, 285, 4380, 57, 2340, 2346, 2349, 305, 2356, 4406, 2359, 2360, 2361, 4414, 318, 4416, 2371, 2378, 330, 2379, 2382, 2384, 336, 2385, 343, 4440, 345, 2394, 4441, 347, 344, 2400, 2401, 355, 2406, 2409, 2410, 2411, 364, 2108, 4466, 2419, 2420, 374, 375, 380, 386, 2436, 2437, 2444, 2445, 396, 397, 399, 398, 402, 2452, 404, 2462, 2463, 2464, 441, 456, 457, 460, 470, 507, 508, 510, 536, 570, 572, 2620, 2642, 2643, 596, 597, 599, 602, 2655, 2675, 632, 2684, 2686, 2688, 2691, 2699, 2702, 2704, 2705, 661, 2715, 2720, 2732, 2733, 2735, 2748, 2749, 2750, 2756, 2760, 2761, 2766, 2767, 2770, 2771, 2774, 2776, 2779, 2782, 2783, 2784, 2792, 2793, 2794, 2795, 2801, 2802, 2803, 2805, 2813, 2814, 2822, 2825, 2840, 794, 795, 796, 797, 798, 2846, 2847, 801, 800, 799, 2849, 2850, 2848, 2857, 2860, 2861, 2866, 2867, 2868, 821, 822, 820, 826, 827, 828, 830, 2879, 831, 832, 165, 2883, 2884, 2878, 2892, 2894, 848, 849, 850, 851, 2900, 854, 855, 858, 2907, 859, 2908, 2918, 872, 873, 875, 878, 2210, 2930, 2211, 890, 2942, 907, 913, 915, 922, 932, 938, 943, 946, 3001, 958, 959, 4261, 961, 3019, 3024, 3029, 3036, 3055, 3060, 1031, 3080, 3118, 1095, 1097, 1109, 1110, 3159, 1111, 1117, 1118, 1119, 1121, 1124, 1126, 1128, 1129, 3180, 1134, 1136, 1139, 3190, 1147, 1152, 1154, 1172, 1188, 1190, 3244, 3255, 1209, 1210, 1218, 1219, 3302, 3333, 1302, 1305, 1306, 1307, 1331, 3382, 3383, 1336, 1337, 1338, 1351, 1352, 1353, 1358, 1365, 1366, 1367, 1369, 1374, 1381, 1393, 1396, 1415, 1422, 1423, 1425, 1433, 1440, 1441, 1448, 1456, 1467, 1486, 1493, 1506, 1507, 3572, 1525, 1526, 1524, 1527, 1529, 1530, 1535, 1539, 1547, 1549, 1552, 1555, 1556, 1557, 3604, 1559, 1560, 1561, 3610, 3609, 1562, 1570, 3621, 1587, 1591, 1595, 1599, 1600, 1601, 1602, 1603, 1604, 3655, 1620, 1623, 1624, 1625, 1628, 1629, 1630, 3682, 1635, 1634, 1638, 1639, 1649, 1651, 1652, 1653, 1656, 1657, 1659, 1660, 1661, 1665, 3714, 1666, 1668, 3715, 1670, 1669, 1679, 1682, 1684, 1685, 3741, 1695, 3744, 3746, 1701, 3754, 1707, 1709, 1711, 1718, 1719, 1721, 3770, 3771, 1726, 3777, 1738, 1745, 3807, 3809, 3813, 1771, 1773, 1786, 1809, 1836, 3885, 1838, 1843, 1852, 1853, 3919, 1875, 3928, 1881, 1883, 1886, 3937, 1896, 1899, 1904, 3961, 1914, 1915, 1922, 1923, 1925, 1932, 1933, 1935, 1948, 1949, 1950, 1958, 1959, 4008, 4013, 1966, 1976, 1977, 1992, 1993, 2006, 2016, 2021, 2022, 2023, 2027, 2028, 4082, 2039, 2044, 2045]",approx,1,
images_tac/image_1398_tac.jpg,"soft, lined, fabric","[0, 1, 2052, 536, 3609, 58, 572, 1095, 2643, 596, 597, 1110, 1111, 1109, 93, 1118, 1119, 1126, 4204, 4205, 1136, 2675, 116, 117, 120, 632, 121, 2688, 1154, 2691, 4233, 2699, 2704, 2705, 1685, 2715, 1695, 4258, 4259, 3746, 165, 1701, 4267, 2732, 1711, 2226, 2227, 1718, 1719, 3770, 3771, 188, 2237, 2749, 1726, 2748, 2750, 4292, 4293, 199, 203, 2766, 2767, 2255, 1745, 2263, 2776, 4317, 2782, 2783, 4320, 4321, 2792, 1773, 2287, 2802, 2803, 2297, 1786, 2813, 2302, 4352, 4353, 260, 2312, 2825, 2324, 279, 1307, 4380, 285, 798, 2846, 801, 2346, 2860, 2861, 1843, 2868, 1331, 3382, 2356, 2360, 2361, 1338, 826, 3383, 1853, 4414, 318, 2878, 1852, 2371, 2884, 1352, 1353, 2379, 2894, 2384, 336, 2385, 2900, 1365, 854, 4440, 345, 2394, 4441, 344, 1374, 2400, 355, 1381, 2918, 872, 2409, 2410, 1899, 4466, 2419, 1915, 386, 1922, 2436, 1415, 2444, 396, 1932, 1423, 913, 402, 1433, 1948, 1949, 2462, 2463, 1950, 1440, 1441, 1958, 1959, 1448, 1966, 943, 1976, 1977, 3001, 1467, 961, 1992, 1993, 457, 3019, 456, 1493, 2006, 3036, 2016, 1506, 1507, 2028, 2039, 510]",strict,5,
images_tac/image_1871_tac.jpg,"lined, grainy, fabric","[2432, 3202, 1410, 3076, 3336, 2441, 3083, 3213, 2448, 3344, 3984, 2451, 3093, 3224, 1945, 1691, 2459, 1437, 3872, 1954, 2339, 2338, 1963, 3247, 4016, 2353, 1714, 4020, 1463, 3130, 1723, 1722, 3775, 1472, 3138, 3780, 3781, 2375, 4042, 1741, 3278, 3023, 3153, 1748, 2267, 1884, 3165, 2398, 1758, 4065, 1384, 2282, 3181, 2797, 3309, 1776, 1394, 3188, 3189, 1782, 3956, 3836, 3199]",strict,9,
images_tac/image_2751_tac.jpg,"sewn, soft, fabric","[0, 1, 4096, 4100, 4101, 2052, 6, 8, 14, 15, 2065, 22, 23, 24, 4119, 4118, 2075, 4127, 32, 33, 2083, 4132, 40, 41, 4144, 4145, 50, 2098, 55, 2106, 4155, 58, 4162, 76, 86, 87, 93, 106, 107, 4204, 4205, 112, 116, 117, 120, 121, 125, 128, 129, 130, 131, 4231, 4233, 138, 139, 147, 153, 4249, 2204, 158, 2209, 4258, 4259, 164, 165, 4267, 175, 2226, 2227, 4276, 4277, 2232, 188, 189, 2237, 191, 190, 2236, 4292, 4293, 198, 199, 202, 203, 205, 2254, 2255, 208, 4306, 4307, 213, 2263, 2266, 4317, 2270, 2271, 4320, 4321, 225, 224, 234, 2286, 2287, 4339, 2292, 2293, 246, 247, 2296, 2297, 2302, 4352, 257, 4353, 260, 261, 2312, 266, 269, 271, 2320, 2321, 275, 2324, 279, 281, 2331, 4380, 285, 288, 295, 297, 2346, 300, 301, 2352, 2356, 2360, 2361, 4414, 318, 322, 2371, 323, 326, 327, 2378, 2379, 2380, 2381, 2384, 336, 2385, 337, 2388, 2389, 341, 340, 4440, 345, 2394, 4441, 347, 344, 2400, 2401, 355, 2409, 2410, 363, 2411, 362, 2414, 4466, 2419, 373, 386, 2436, 2437, 2444, 2445, 396, 397, 402, 2455, 2457, 2462, 2463, 2472, 2473, 436, 2486, 2487, 443, 446, 447, 2497, 453, 2503, 456, 457, 460, 2513, 470, 474, 2524, 481, 2534, 2535, 2546, 2547, 2556, 2557, 510, 509, 508, 2561, 2571, 536, 2584, 544, 2607, 572, 573, 2621, 2620, 2624, 2630, 2638, 2639, 2642, 2643, 596, 597, 2652, 2653, 604, 2665, 2670, 2671, 626, 2675, 2680, 632, 2681, 2688, 2689, 2690, 2691, 2699, 2700, 2701, 2704, 2705, 659, 2708, 2709, 2714, 2715, 2717, 2718, 2720, 2722, 2729, 2732, 2733, 2740, 693, 692, 2745, 2748, 2749, 2750, 2758, 2759, 2762, 2763, 2766, 2767, 2774, 2776, 2777, 2782, 2783, 2791, 2792, 2793, 2799, 2801, 2802, 2803, 2808, 2811, 2812, 2813, 2824, 2825, 2834, 2835, 2844, 798, 2846, 2847, 801, 800, 799, 2856, 2857, 2860, 2861, 818, 819, 2868, 2870, 2871, 826, 827, 2878, 2879, 831, 2884, 2885, 844, 845, 2894, 2895, 2900, 2901, 854, 855, 2908, 2909, 862, 2910, 2911, 2918, 2919, 872, 873, 876, 877, 878, 882, 886, 2935, 2936, 893, 2944, 2950, 2951, 907, 912, 913, 2962, 917, 2967, 921, 2970, 2969, 2972, 2982, 935, 938, 2987, 2986, 942, 943, 946, 2994, 2996, 3000, 3001, 956, 957, 961, 3019, 974, 3024, 3026, 3027, 3033, 3036, 3040, 3054, 3055, 3057, 3062, 3068, 3072, 3073, 3086, 3087, 3096, 3097, 3103, 3106, 3124, 3128, 3129, 3134, 3135, 1095, 3145, 3146, 1097, 3147, 3156, 1109, 1110, 1111, 3157, 3161, 1118, 1119, 3168, 3169, 3171, 1124, 1125, 1126, 3178, 1134, 3184, 1136, 3185, 1141, 1145, 3194, 1147, 3195, 1151, 1154, 3205, 1158, 1159, 3217, 3220, 3221, 3228, 3229, 3231, 1183, 1186, 1187, 3238, 3242, 3243, 3252, 3253, 1209, 1210, 1211, 1214, 1215, 1219, 3275, 3280, 3281, 3288, 3289, 3290, 1241, 1244, 1248, 1250, 3304, 3305, 3314, 3315, 1281, 3332, 3333, 3340, 3341, 3348, 1302, 3350, 1305, 1306, 1307, 3366, 3367, 3373, 3376, 1331, 1332, 3382, 3383, 1338, 1342, 1343, 3396, 1352, 1353, 1356, 1357, 3406, 3407, 1364, 1365, 1367, 3416, 1374, 1375, 1379, 1381, 3438, 3439, 3440, 1393, 3442, 3443, 3450, 1405, 1408, 1409, 1415, 3464, 3465, 1418, 3469, 1422, 3471, 1423, 3474, 3475, 3480, 3481, 1433, 1440, 3489, 3490, 3491, 1441, 1445, 1448, 3498, 3499, 3504, 3505, 1462, 3514, 1467, 3515, 3522, 3523, 3529, 3532, 3533, 1486, 3540, 3541, 1493, 3548, 1506, 1507, 3558, 1523, 1528, 3577, 1531, 1539, 1543, 1551, 3601, 1558, 3608, 3609, 3610, 3611, 1565, 1574, 3636, 3637, 1588, 1609, 3662, 3663, 1627, 1644, 1646, 1647, 3696, 3697, 3706, 1663, 3712, 3713, 3717, 1669, 1671, 3718, 3724, 1680, 3730, 1685, 1689, 3738, 1690, 1694, 1695, 3744, 1698, 3746, 1701, 1703, 3754, 1708, 1709, 1710, 1711, 1718, 1719, 3768, 3770, 3771, 1726, 3774, 1727, 3778, 1734, 1736, 3789, 3790, 1744, 1745, 1754, 1755, 3804, 1759, 1761, 1762, 3811, 1763, 3814, 3818, 1771, 1773, 3826, 3827, 3833, 1786, 1787, 3837, 3840, 3841, 3845, 3850, 1812, 1813, 3866, 3867, 3873, 1828, 1829, 1838, 1842, 1843, 3892, 3893, 3896, 1852, 1853, 1856, 1868, 3920, 3921, 1874, 1875, 3928, 3929, 3930, 3931, 1883, 1881, 1888, 3943, 1898, 1899, 1900, 3949, 3952, 1905, 3953, 1904, 3960, 1914, 1915, 3964, 3965, 1922, 1923, 3974, 1927, 3975, 1926, 3980, 1933, 1932, 1937, 1940, 3989, 3990, 3988, 1948, 1949, 1950, 4002, 1955, 4003, 1958, 1959, 4006, 4012, 4013, 1966, 1967, 1965, 4017, 1973, 1976, 1977, 4024, 4027, 1982, 4031, 1983, 4034, 4035, 1992, 1993, 4043, 1997, 4046, 4047, 2006, 4056, 4057, 4060, 2013, 4061, 2012, 2016, 2017, 2020, 4068, 2022, 4071, 2023, 4070, 4074, 4069, 2028, 2029, 2021, 2033, 2038, 2039, 4094]",approx,2,
images_tac/image_2875_tac.jpg,"fabric, soft, deformable",[2801],strict,133,
images_tac/image_960_tac.jpg,"soft, lined, fabric","[0, 1, 2052, 536, 3609, 58, 572, 1095, 2643, 596, 597, 1110, 1111, 1109, 93, 1118, 1119, 1126, 4204, 4205, 1136, 2675, 116, 117, 120, 632, 121, 2688, 1154, 2691, 4233, 2699, 2704, 2705, 1685, 2715, 1695, 4258, 4259, 3746, 165, 1701, 4267, 2732, 1711, 2226, 2227, 1718, 1719, 3770, 3771, 188, 2237, 2749, 1726, 2748, 2750, 4292, 4293, 199, 203, 2766, 2767, 2255, 1745, 2263, 2776, 4317, 2782, 2783, 4320, 4321, 2792, 1773, 2287, 2802, 2803, 2297, 1786, 2813, 2302, 4352, 4353, 260, 2312, 2825, 2324, 279, 1307, 4380, 285, 798, 2846, 801, 2346, 2860, 2861, 1843, 2868, 1331, 3382, 2356, 2360, 2361, 1338, 826, 3383, 1853, 4414, 318, 2878, 1852, 2371, 2884, 1352, 1353, 2379, 2894, 2384, 336, 2385, 2900, 1365, 854, 4440, 345, 2394, 4441, 344, 1374, 2400, 355, 1381, 2918, 872, 2409, 2410, 1899, 4466, 2419, 1915, 386, 1922, 2436, 1415, 2444, 396, 1932, 1423, 913, 402, 1433, 1948, 1949, 2462, 2463, 1950, 1440, 1441, 1958, 1959, 1448, 1966, 943, 1976, 1977, 3001, 1467, 961, 1992, 1993, 457, 3019, 456, 1493, 2006, 3036, 2016, 1506, 1507, 2028, 2039, 510]",strict,3,
images_tac/image_2427_tac.jpg,"smooth, plastic, deformable","[644, 3846, 1802, 781, 3856, 784, 1427, 3732, 3733, 2454, 4247, 4251, 673, 4130, 809, 1193, 1451, 3758, 4272, 1458, 4531, 1204, 435, 3767, 1080, 4281, 184, 3394, 1222, 1232, 721, 3705, 1105, 3793, 1237, 3418, 1889, 1890, 3427, 3043, 1254, 1255, 743, 2921, 3824, 753, 1520, 1521, 756, 506, 1401, 2426]",approx,3,
images_tac/image_1793_tac.jpg,"hard, smooth, flat, splotchy","[866, 804, 1895, 999, 2602, 491, 785, 475, 636, 1245]",strict,35,
images_tac/image_185_tac.jpg,"mesh, plastic, deformable, hard","[644, 648, 649, 650, 1803, 781, 2454, 4251, 1821, 672, 677, 809, 1451, 4528, 1458, 184, 4281, 1084, 1085, 707, 1483, 753, 1521, 756, 1144, 2426, 4476]",approx,1,
images_tac/image_2096_tac.jpg,"deformable, grainy, woven","[3075, 1031, 3081, 3089, 3091, 1562, 539, 3104, 3105, 4142, 3122, 2103, 3132, 2110, 574, 3140, 3151, 3158, 2135, 598, 3166, 1631, 3167, 3681, 3180, 3182, 3183, 3190, 119, 3192, 3193, 1153, 1666, 2184, 3209, 3210, 137, 2185, 3211, 2703, 656, 144, 3219, 3226, 1181, 3236, 3237, 1191, 2216, 685, 1717, 3254, 2243, 3267, 3782, 3272, 1247, 3809, 4335, 3313, 1269, 4342, 248, 249, 2815, 258, 259, 3334, 3335, 2833, 3346, 3347, 1301, 2333, 3870, 3361, 293, 3368, 3369, 3885, 306, 3894, 3901, 829, 3919, 342, 3927, 2392, 3926, 874, 1903, 880, 881, 3955, 3961, 2938, 2939, 3963, 891, 3962, 2943, 914, 2964, 2965, 3992, 2975, 2989, 4014, 2991, 3510, 2488, 3007, 1985, 3017, 1995, 3020, 1484, 4048, 4049, 4050, 4051, 2019, 4076, 4077, 1527]",approx,104,
images_tac/image_464_tac.jpg,"hard, splotchy, smooth, flat","[770, 135, 2196, 2197, 406, 407, 1312, 36, 1534, 429, 2172, 712, 1487, 1360, 2391, 1767, 618, 1140, 1016, 124, 1918]",strict,44,
images_tac/image_4490_tac.jpg,"uneven, patterned, thick","[384, 1920, 2050, 2048, 1541, 2311, 776, 2058, 524, 2572, 782, 401, 1298, 2067, 1943, 1815, 409, 410, 2587, 2076, 4377, 1567, 1952, 1953, 2337, 1063, 1577, 1583, 1072, 1073, 2554, 3123, 2614, 954, 1340, 2753, 578, 4421, 2632, 4169, 1610, 1611, 4558, 80, 2129, 1490, 722, 2386, 1238, 472, 2649, 4315, 226, 2659, 1252, 3941, 486, 2152, 1000, 1770, 237, 4206, 1392, 1265, 503, 2682, 1917, 1662, 4351]",approx,64,
images_tac/image_2997_tac.jpg,"deformable, grainy, fabric","[2, 6, 2055, 4116, 22, 23, 24, 4120, 29, 4128, 33, 4131, 2087, 40, 4142, 4143, 4144, 2097, 49, 50, 46, 2103, 4152, 55, 61, 64, 69, 70, 71, 72, 76, 4172, 4173, 86, 92, 101, 2154, 119, 137, 144, 153, 2202, 2204, 161, 163, 164, 2220, 175, 2232, 2233, 2234, 189, 190, 191, 198, 2256, 2258, 2259, 2260, 213, 219, 2267, 2274, 227, 4323, 230, 2282, 234, 2292, 2293, 4342, 4343, 248, 249, 253, 254, 258, 259, 269, 2320, 2321, 277, 2327, 2328, 2331, 2333, 287, 2338, 2339, 293, 2342, 295, 2344, 2343, 300, 301, 2352, 2353, 2354, 306, 326, 2375, 2374, 327, 2380, 2381, 2388, 2389, 342, 2390, 2392, 346, 4443, 2398, 351, 2404, 2405, 362, 363, 4459, 2414, 371, 372, 382, 2432, 2433, 2440, 2441, 2446, 2448, 2449, 2450, 2451, 2452, 2459, 2461, 416, 2466, 2467, 4516, 2473, 2483, 2488, 442, 445, 447, 2502, 2504, 2505, 463, 4564, 2524, 482, 483, 2531, 2534, 2535, 2556, 2557, 2567, 2584, 538, 539, 2590, 542, 2591, 543, 565, 571, 574, 2624, 2631, 2636, 2637, 598, 2652, 2656, 625, 629, 631, 633, 2683, 635, 2703, 656, 657, 2707, 2711, 663, 2713, 685, 2743, 2773, 2774, 2777, 2778, 2785, 2797, 2801, 2806, 2808, 2809, 2815, 2819, 2823, 2829, 2833, 2839, 2841, 2845, 2852, 2859, 2863, 2864, 818, 819, 2866, 2872, 2873, 2876, 829, 831, 2890, 844, 2893, 853, 862, 2915, 2916, 874, 880, 881, 887, 888, 889, 2938, 891, 2939, 893, 2943, 2957, 912, 914, 2964, 2965, 2967, 919, 2971, 2975, 927, 2984, 2989, 942, 2991, 941, 2993, 2990, 2994, 2995, 2998, 2999, 956, 3007, 3015, 3017, 3020, 3021, 3023, 3025, 3031, 3052, 3053, 3058, 3062, 3064, 3065, 3072, 3073, 3075, 3076, 3077, 3079, 3081, 3083, 3088, 3089, 3091, 3092, 3093, 3096, 3102, 3103, 3104, 3105, 3112, 3115, 3121, 3122, 3124, 3128, 3129, 3130, 3132, 3134, 3135, 3138, 3139, 3140, 3142, 3149, 3151, 3152, 3153, 3156, 3157, 3158, 3160, 3161, 3165, 3166, 3167, 3168, 3169, 3170, 1125, 3176, 3181, 3182, 3183, 3184, 3185, 3187, 3188, 1141, 1142, 3189, 3191, 3193, 3194, 3195, 3196, 3192, 3198, 3199, 3200, 1153, 3202, 1155, 3209, 3210, 3211, 3212, 3213, 3216, 3217, 3219, 3220, 3221, 3224, 3225, 3226, 3227, 3228, 3229, 3230, 3231, 1181, 1185, 1187, 3236, 3237, 3238, 1191, 3242, 3245, 3246, 3247, 3254, 3256, 3257, 1213, 3262, 3267, 1220, 3271, 3272, 3274, 3275, 3278, 3279, 3280, 3281, 3284, 3285, 3288, 1241, 3290, 1247, 3300, 3303, 3304, 3305, 3309, 3310, 3311, 3313, 3314, 3315, 1269, 3319, 1279, 1281, 3332, 3334, 3335, 3336, 3337, 3340, 3341, 3344, 3345, 3346, 3347, 1300, 3348, 3350, 1301, 3361, 3363, 3367, 3368, 3369, 3371, 3378, 3379, 3385, 1354, 1356, 1357, 3408, 3409, 3411, 3419, 1379, 1384, 1386, 3436, 3437, 1394, 3444, 3445, 1402, 1407, 1408, 1409, 1410, 1411, 3460, 3461, 1416, 1418, 3473, 1426, 3479, 3484, 1437, 3485, 1439, 3488, 1445, 1447, 3497, 3502, 3503, 1456, 1462, 1463, 1465, 3518, 3519, 1472, 1473, 3522, 3523, 3525, 1484, 3533, 3541, 3544, 3545, 1497, 1508, 3560, 1523, 3573, 3574, 3605, 3608, 3611, 3632, 1584, 3633, 3636, 3660, 3662, 1616, 3667, 3676, 3680, 3681, 3683, 1636, 3691, 3693, 1651, 1655, 1658, 3712, 3713, 1667, 1673, 3722, 1675, 1676, 3724, 1677, 3726, 1680, 1688, 1689, 1690, 1691, 1698, 3748, 1714, 1715, 3763, 1717, 1716, 1720, 1721, 1722, 1723, 3774, 3775, 3778, 3780, 3781, 3782, 1741, 1743, 1746, 1748, 1753, 3804, 1758, 3808, 3810, 3811, 3814, 1774, 1775, 1776, 1777, 1779, 1782, 1783, 1784, 3833, 3834, 3836, 3837, 3840, 3841, 3842, 3858, 1811, 1813, 3863, 3866, 3867, 3870, 3872, 3873, 3877, 3883, 1994, 3892, 1845, 3894, 3893, 3896, 3897, 3898, 3901, 3902, 1856, 1857, 1868, 1870, 3920, 3921, 3924, 1877, 3926, 3927, 3929, 3930, 3931, 1884, 1885, 3934, 3945, 1897, 1900, 1903, 3953, 3954, 3955, 3956, 1909, 3957, 3960, 3962, 3963, 3964, 1919, 1921, 1924, 3973, 1926, 1927, 3981, 1936, 1937, 3985, 3987, 3988, 3989, 3990, 3984, 1945, 3996, 3997, 1954, 1955, 4004, 4005, 1957, 1956, 1960, 4008, 1962, 1963, 4012, 4014, 4015, 1968, 4017, 4016, 4020, 4021, 1973, 4022, 1984, 1985, 4032, 1987, 1986, 4033, 1990, 1989, 4040, 4041, 4042, 1995, 4043, 1997, 4046, 4047, 4048, 1998, 4050, 4051, 2003, 1996, 4049, 4058, 4059, 2012, 2013, 4065, 4066, 4067, 2019, 2018, 4074, 4075, 4076, 4077, 4083, 2043, 4092, 4095]",approx,1,
images_tac/image_4330_tac.jpg,"hard, lined, smooth","[2053, 4104, 2057, 9, 2056, 4108, 2060, 4110, 4111, 4109, 2061, 4114, 4115, 2068, 4112, 4122, 2079, 36, 4133, 37, 4135, 4136, 4137, 2094, 4148, 4149, 4150, 4151, 4171, 4182, 4183, 4186, 4187, 96, 2144, 97, 4209, 113, 4215, 4219, 124, 2171, 2172, 4223, 4221, 135, 4232, 4238, 4240, 4241, 4242, 4244, 2197, 2196, 4248, 156, 157, 4254, 4270, 4105, 178, 179, 4281, 4282, 194, 4297, 4302, 228, 4329, 4331, 4332, 4338, 2306, 2307, 4357, 4360, 2313, 270, 4367, 4369, 2325, 4374, 280, 2330, 4381, 289, 291, 4388, 4390, 4392, 2347, 4395, 304, 4401, 4404, 4405, 2357, 311, 4409, 4410, 315, 2364, 2365, 319, 4422, 4427, 4430, 4433, 4437, 2391, 4439, 348, 4445, 350, 4448, 4449, 4453, 2408, 4458, 4463, 2418, 393, 4493, 406, 407, 4507, 4512, 4513, 417, 420, 421, 4520, 427, 4524, 429, 430, 431, 428, 452, 4553, 2507, 465, 4566, 4567, 4568, 4569, 2521, 475, 4570, 2528, 4578, 4579, 485, 4581, 4583, 4584, 488, 4585, 489, 491, 490, 498, 499, 504, 505, 514, 515, 516, 522, 523, 532, 2581, 533, 540, 2588, 548, 549, 550, 551, 554, 2602, 558, 559, 576, 577, 582, 583, 605, 608, 2657, 610, 611, 618, 619, 622, 2674, 2678, 2679, 636, 637, 2685, 644, 645, 2701, 653, 2711, 663, 673, 2726, 2727, 687, 2736, 697, 698, 703, 2755, 712, 713, 2763, 716, 724, 2773, 2786, 743, 756, 757, 2806, 2807, 764, 2816, 770, 2821, 778, 779, 2828, 785, 2843, 804, 2869, 840, 841, 2888, 2904, 2905, 866, 2914, 2926, 2927, 2928, 2945, 2948, 2953, 2973, 928, 930, 931, 934, 939, 952, 953, 964, 965, 980, 981, 988, 990, 999, 3060, 3061, 3063, 1016, 1017, 3066, 3067, 3082, 1042, 1043, 1052, 3111, 3113, 3117, 1071, 3120, 1074, 1080, 1088, 1100, 1101, 1127, 3179, 1140, 1145, 1151, 3203, 3207, 1167, 1176, 3234, 3235, 3239, 1192, 1200, 1201, 3261, 3264, 3265, 3266, 3268, 3269, 1226, 1227, 1229, 3291, 3292, 1245, 3294, 3295, 3299, 3301, 1262, 3322, 3323, 3326, 3327, 3329, 3331, 1286, 1287, 1296, 1297, 3349, 3351, 3352, 3354, 3355, 3358, 3359, 1312, 1313, 3362, 1317, 1325, 1335, 3387, 1339, 1347, 3402, 3403, 3404, 1360, 3417, 1370, 1371, 1400, 1404, 3456, 1414, 1426, 1427, 3476, 3494, 3495, 1451, 1454, 1455, 1458, 1466, 3520, 1476, 1487, 1502, 1503, 1512, 1513, 3563, 3566, 1519, 1520, 1521, 3576, 1534, 3587, 3589, 3591, 3593, 1546, 3596, 3618, 1571, 3619, 3622, 3623, 1578, 1579, 3627, 3640, 3649, 3651, 3658, 1621, 3687, 1642, 1674, 3725, 1678, 3747, 1700, 3756, 3769, 3786, 3801, 1767, 1772, 1792, 3843, 3844, 3859, 3862, 1824, 1825, 3876, 1834, 1835, 3888, 3889, 1846, 1847, 3906, 3907, 3914, 3916, 3917, 3938, 1894, 1895, 3942, 1918, 1972, 2002, 4072, 4078, 4079, 4080, 4081, 4084]",approx,3,
images_tac/image_473_tac.jpg,"uneven, patterned, sewn, fabric","[2048, 2561, 2050, 1541, 2058, 10, 524, 2572, 11, 2571, 16, 3601, 18, 2067, 20, 21, 17, 19, 2587, 2077, 31, 4127, 1567, 3106, 4132, 39, 1063, 1577, 42, 2092, 2093, 44, 1583, 1072, 1073, 4147, 3637, 2614, 1592, 3129, 2619, 2107, 2621, 3137, 578, 2631, 2120, 4169, 74, 1611, 2632, 2637, 75, 1609, 80, 2129, 1617, 2649, 2138, 2653, 99, 2659, 1637, 102, 103, 104, 105, 2152, 1645, 110, 2670, 112, 3697, 626, 4206, 1654, 2682, 1663, 134, 1161, 2700, 141, 2189, 140, 147, 2708, 2709, 1687, 151, 4249, 3738, 2202, 1694, 2719, 1696, 2718, 1698, 3230, 2213, 3241, 3245, 4276, 3252, 2745, 2235, 3774, 1214, 4288, 2753, 4290, 1215, 1727, 2762, 3789, 722, 4307, 1238, 1242, 4315, 2266, 1755, 1754, 1759, 226, 1252, 2278, 1770, 3306, 236, 237, 3316, 3830, 3320, 4351, 3845, 2311, 776, 782, 2831, 1298, 1815, 281, 4377, 4383, 288, 2337, 1829, 3366, 3376, 3381, 1340, 323, 3397, 4421, 3923, 341, 2397, 1377, 3941, 1392, 73, 1407, 384, 1920, 2949, 2950, 2951, 3976, 3471, 2960, 401, 1943, 409, 410, 1952, 3489, 1953, 419, 2982, 935, 937, 4011, 1967, 4017, 3505, 954, 443, 1983, 2498, 2503, 4043, 2510, 463, 3534, 1490, 472, 3548, 3040, 3552, 2532, 3558, 486, 1000, 1522, 503, 2554]",approx,1,
images_tac/image_3177_tac.jpg,"elastic, lined, deformable, wrinkly","[2054, 3080, 4117, 4129, 3621, 4139, 3118, 47, 564, 56, 57, 570, 60, 1604, 3655, 1098, 1099, 4177, 3159, 1623, 599, 602, 603, 2135, 1117, 1115, 2655, 1121, 1123, 4198, 4199, 1128, 1129, 1130, 1132, 1133, 1649, 1139, 1651, 1148, 2686, 1152, 3714, 3715, 3716, 136, 3721, 2702, 1682, 1172, 661, 3741, 3743, 163, 4260, 1188, 1190, 4263, 3752, 2217, 3753, 1707, 3244, 2221, 4262, 2735, 1721, 187, 2238, 3777, 2242, 196, 2756, 2760, 2761, 1738, 2252, 2253, 719, 2770, 2771, 2779, 2784, 4324, 4325, 3302, 2794, 2795, 2805, 2298, 251, 4347, 2814, 2822, 1809, 1303, 2840, 4378, 796, 2332, 797, 4384, 2849, 2850, 4385, 2340, 1836, 2349, 2866, 2867, 820, 1334, 2359, 4408, 1337, 1336, 4411, 828, 830, 4418, 2883, 330, 2892, 2382, 1361, 343, 2907, 4444, 1886, 3936, 3937, 2406, 1896, 3944, 875, 364, 2929, 2420, 3444, 1396, 375, 374, 890, 380, 2942, 3972, 1925, 3462, 1935, 399, 915, 2452, 404, 4503, 922, 2464, 932, 4008, 4009, 3496, 1456, 441, 958, 959, 4261, 3029, 3030, 2024, 2025, 2027, 4082, 1526, 3065, 507, 2044, 2045, 2046, 2047]",approx,15,
images_tac/image_2262_tac.jpg,"lined, fabric, sewn","[288, 3106, 147, 2745, 2266]",strict,80,
images_tac/image_2187_tac.jpg,"lined, deformable, soft, woven","[0, 1, 2052, 2054, 6, 2069, 2071, 24, 2072, 2074, 2078, 32, 2081, 2080, 2083, 2084, 2085, 34, 2088, 2089, 2090, 4139, 4140, 4141, 47, 2095, 2098, 2099, 2100, 2101, 2104, 2105, 56, 2106, 60, 2109, 2110, 2111, 58, 4158, 2114, 2115, 2116, 4162, 2118, 2119, 4159, 2122, 2123, 2131, 2132, 2133, 2135, 2136, 2137, 2140, 93, 2141, 2146, 4198, 2151, 4199, 4204, 4205, 2158, 2157, 2156, 2163, 116, 117, 120, 121, 4216, 4218, 2181, 2182, 4231, 2184, 4233, 2186, 2183, 2185, 136, 2192, 2193, 160, 2208, 4258, 163, 4260, 4259, 2214, 2215, 168, 2217, 169, 2216, 2218, 2221, 2222, 2219, 170, 2223, 2226, 2227, 4267, 186, 187, 188, 2237, 2238, 2239, 2236, 2240, 2242, 4291, 196, 4293, 2244, 199, 4292, 2248, 2243, 203, 2252, 2253, 2249, 2254, 2247, 2255, 2251, 2263, 4317, 2270, 2271, 2272, 4321, 4320, 4322, 2276, 2273, 2286, 4335, 2287, 239, 2296, 2297, 2298, 251, 4349, 2302, 2303, 4352, 257, 4353, 260, 2312, 267, 274, 2324, 279, 2332, 285, 4380, 57, 2340, 2346, 2349, 305, 2356, 4406, 2359, 2360, 2361, 4414, 318, 4416, 2371, 2378, 330, 2379, 2382, 2384, 336, 2385, 343, 4440, 345, 2394, 4441, 347, 344, 2400, 2401, 355, 2406, 2409, 2410, 2411, 364, 2108, 4466, 2419, 2420, 374, 375, 380, 386, 2436, 2437, 2444, 2445, 396, 397, 399, 398, 402, 2452, 404, 2462, 2463, 2464, 441, 456, 457, 460, 470, 507, 508, 510, 536, 570, 572, 2620, 2642, 2643, 596, 597, 599, 602, 2655, 2675, 632, 2684, 2686, 2688, 2691, 2699, 2702, 2704, 2705, 661, 2715, 2720, 2732, 2733, 2735, 2748, 2749, 2750, 2756, 2760, 2761, 2766, 2767, 2770, 2771, 2774, 2776, 2779, 2782, 2783, 2784, 2792, 2793, 2794, 2795, 2801, 2802, 2803, 2805, 2813, 2814, 2822, 2825, 2840, 794, 795, 796, 797, 798, 2846, 2847, 801, 800, 799, 2849, 2850, 2848, 2857, 2860, 2861, 2866, 2867, 2868, 821, 822, 820, 826, 827, 828, 830, 2879, 831, 832, 165, 2883, 2884, 2878, 2892, 2894, 848, 849, 850, 851, 2900, 854, 855, 858, 2907, 859, 2908, 2918, 872, 873, 875, 878, 2210, 2930, 2211, 890, 2942, 907, 913, 915, 922, 932, 938, 943, 946, 3001, 958, 959, 4261, 961, 3019, 3024, 3029, 3036, 3055, 3060, 1031, 3080, 3118, 1095, 1097, 1109, 1110, 3159, 1111, 1117, 1118, 1119, 1121, 1124, 1126, 1128, 1129, 3180, 1134, 1136, 1139, 3190, 1147, 1152, 1154, 1172, 1188, 1190, 3244, 3255, 1209, 1210, 1218, 1219, 3302, 3333, 1302, 1305, 1306, 1307, 1331, 3382, 3383, 1336, 1337, 1338, 1351, 1352, 1353, 1358, 1365, 1366, 1367, 1369, 1374, 1381, 1393, 1396, 1415, 1422, 1423, 1425, 1433, 1440, 1441, 1448, 1456, 1467, 1486, 1493, 1506, 1507, 3572, 1525, 1526, 1524, 1527, 1529, 1530, 1535, 1539, 1547, 1549, 1552, 1555, 1556, 1557, 3604, 1559, 1560, 1561, 3610, 3609, 1562, 1570, 3621, 1587, 1591, 1595, 1599, 1600, 1601, 1602, 1603, 1604, 3655, 1620, 1623, 1624, 1625, 1628, 1629, 1630, 3682, 1635, 1634, 1638, 1639, 1649, 1651, 1652, 1653, 1656, 1657, 1659, 1660, 1661, 1665, 3714, 1666, 1668, 3715, 1670, 1669, 1679, 1682, 1684, 1685, 3741, 1695, 3744, 3746, 1701, 3754, 1707, 1709, 1711, 1718, 1719, 1721, 3770, 3771, 1726, 3777, 1738, 1745, 3807, 3809, 3813, 1771, 1773, 1786, 1809, 1836, 3885, 1838, 1843, 1852, 1853, 3919, 1875, 3928, 1881, 1883, 1886, 3937, 1896, 1899, 1904, 3961, 1914, 1915, 1922, 1923, 1925, 1932, 1933, 1935, 1948, 1949, 1950, 1958, 1959, 4008, 4013, 1966, 1976, 1977, 1992, 1993, 2006, 2016, 2021, 2022, 2023, 2027, 2028, 4082, 2039, 2044, 2045]",approx,3,
images_tac/image_2480_tac.jpg,"mesh, deformable, flimsy",[184],approx,1538,
images_tac/image_691_tac.jpg,"elastic, sewn, wrinkly","[4226, 3716, 3721, 4237, 1303, 1150, 4379, 3742, 3743, 3753, 1334, 4408, 4411, 4418, 1099, 1361, 3032, 3935, 480, 1122, 4324, 4325, 3174, 3048, 2025, 3049, 3435, 1132, 2024, 3946, 1133, 3947, 2932, 4472, 4473, 4346, 4347, 1148, 1149, 2046]",approx,185,
images_tac/image_906_tac.jpg,"lined, grainy, fabric, deformable","[0, 1, 2, 6, 10, 11, 12, 17, 18, 19, 22, 23, 24, 27, 29, 30, 32, 33, 46, 47, 48, 49, 55, 56, 57, 58, 59, 60, 61, 62, 63, 64, 68, 69, 70, 71, 72, 73, 78, 79, 86, 89, 90, 92, 93, 100, 101, 102, 103, 109, 116, 117, 119, 120, 121, 122, 134, 136, 137, 144, 147, 148, 151, 153, 161, 162, 163, 165, 175, 187, 188, 189, 190, 191, 193, 196, 198, 199, 203, 204, 213, 218, 219, 227, 234, 248, 249, 251, 253, 254, 255, 257, 258, 259, 260, 269, 277, 279, 283, 285, 286, 287, 288, 291, 293, 295, 300, 301, 304, 306, 315, 316, 318, 326, 327, 330, 336, 342, 343, 344, 345, 346, 347, 349, 351, 353, 355, 363, 364, 366, 369, 370, 371, 372, 374, 375, 379, 380, 382, 386, 396, 397, 399, 400, 402, 404, 416, 438, 439, 441, 442, 443, 445, 447, 456, 457, 460, 463, 470, 482, 483, 507, 508, 510, 536, 538, 539, 541, 542, 543, 565, 570, 571, 572, 574, 596, 597, 598, 599, 602, 625, 629, 630, 631, 632, 633, 635, 655, 656, 657, 661, 663, 685, 687, 795, 796, 797, 798, 799, 800, 801, 818, 819, 820, 825, 826, 827, 828, 829, 830, 831, 844, 852, 853, 854, 855, 862, 872, 873, 874, 875, 880, 881, 883, 887, 888, 889, 890, 891, 892, 893, 900, 907, 912, 913, 914, 915, 916, 919, 922, 923, 927, 930, 931, 932, 934, 938, 941, 942, 943, 946, 958, 959, 961, 989, 1095, 1096, 1097, 1109, 1110, 1111, 1117, 1118, 1119, 1120, 1121, 1124, 1125, 1126, 1127, 1128, 1129, 1134, 1136, 1138, 1139, 1141, 1142, 1146, 1147, 1152, 1153, 1154, 1155, 1172, 1181, 1185, 1187, 1188, 1190, 1191, 1208, 1209, 1210, 1213, 1219, 1220, 1241, 1247, 1269, 1275, 1279, 1281, 1300, 1301, 1305, 1306, 1307, 1308, 1331, 1336, 1337, 1338, 1339, 1352, 1353, 1354, 1355, 1356, 1357, 1365, 1367, 1372, 1374, 1376, 1377, 1378, 1379, 1380, 1381, 1383, 1384, 1385, 1386, 1393, 1394, 1396, 1402, 1403, 1404, 1407, 1408, 1409, 1410, 1411, 1412, 1413, 1414, 1415, 1416, 1418, 1422, 1423, 1424, 1426, 1433, 1434, 1435, 1436, 1437, 1439, 1440, 1441, 1444, 1445, 1446, 1447, 1448, 1454, 1455, 1456, 1462, 1463, 1464, 1465, 1466, 1467, 1468, 1469, 1470, 1472, 1473, 1474, 1476, 1478, 1484, 1486, 1493, 1495, 1497, 1500, 1506, 1507, 1508, 1523, 1526, 1539, 1550, 1584, 1604, 1616, 1623, 1626, 1636, 1643, 1649, 1651, 1655, 1658, 1659, 1667, 1673, 1675, 1676, 1677, 1678, 1680, 1682, 1683, 1685, 1686, 1688, 1689, 1690, 1691, 1693, 1695, 1698, 1699, 1700, 1701, 1702, 1706, 1707, 1709, 1711, 1713, 1714, 1715, 1716, 1717, 1718, 1719, 1720, 1721, 1722, 1723, 1726, 1728, 1730, 1731, 1733, 1738, 1740, 1741, 1742, 1743, 1745, 1746, 1748, 1749, 1750, 1751, 1752, 1753, 1758, 1759, 1771, 1772, 1773, 1774, 1775, 1776, 1777, 1779, 1780, 1782, 1783, 1784, 1786, 1808, 1809, 1810, 1811, 1813, 1827, 1836, 1837, 1838, 1843, 1845, 1852, 1853, 1855, 1856, 1857, 1868, 1869, 1870, 1872, 1875, 1877, 1881, 1883, 1884, 1885, 1886, 1887, 1896, 1897, 1899, 1900, 1901, 1902, 1903, 1904, 1909, 1911, 1914, 1915, 1916, 1919, 1921, 1922, 1923, 1924, 1925, 1926, 1927, 1928, 1932, 1933, 1934, 1935, 1936, 1937, 1944, 1945, 1946, 1947, 1948, 1949, 1950, 1954, 1955, 1956, 1957, 1958, 1959, 1960, 1961, 1962, 1963, 1966, 1968, 1970, 1973, 1974, 1976, 1977, 1978, 1979, 1984, 1985, 1986, 1987, 1989, 1990, 1991, 1992, 1993, 1994, 1995, 1996, 1997, 1998, 2001, 2003, 2006, 2008, 2011, 2013, 2015, 2016, 2018, 2019, 2021, 2022, 2023, 2027, 2028, 2039, 2043, 2044, 2045, 2052, 2053, 2054, 2055, 2083, 2086, 2087, 2093, 2097, 2103, 2106, 2110, 2117, 2120, 2124, 2134, 2135, 2139, 2147, 2154, 2160, 2162, 2180, 2181, 2191, 2195, 2202, 2204, 2217, 2220, 2221, 2226, 2227, 2228, 2230, 2231, 2232, 2233, 2234, 2236, 2237, 2238, 2242, 2252, 2253, 2254, 2255, 2256, 2258, 2259, 2260, 2261, 2263, 2264, 2265, 2266, 2267, 2269, 2270, 2271, 2274, 2280, 2281, 2282, 2283, 2284, 2285, 2286, 2287, 2289, 2291, 2292, 2293, 2296, 2297, 2298, 2299, 2301, 2302, 2312, 2313, 2314, 2315, 2316, 2317, 2318, 2319, 2320, 2321, 2322, 2323, 2324, 2325, 2326, 2327, 2328, 2329, 2331, 2332, 2333, 2338, 2339, 2340, 2342, 2343, 2344, 2345, 2346, 2347, 2348, 2349, 2350, 2351, 2352, 2353, 2354, 2355, 2356, 2357, 2358, 2359, 2360, 2361, 2362, 2371, 2373, 2374, 2375, 2376, 2377, 2378, 2379, 2380, 2381, 2382, 2383, 2384, 2385, 2387, 2388, 2389, 2390, 2392, 2393, 2394, 2398, 2400, 2401, 2404, 2405, 2406, 2407, 2408, 2409, 2410, 2411, 2413, 2414, 2415, 2417, 2418, 2419, 2420, 2429, 2432, 2433, 2434, 2435, 2436, 2437, 2438, 2440, 2441, 2442, 2443, 2444, 2445, 2446, 2448, 2449, 2450, 2451, 2452, 2459, 2461, 2462, 2463, 2464, 2465, 2466, 2467, 2469, 2473, 2483, 2488, 2502, 2504, 2505, 2524, 2529, 2530, 2531, 2534, 2535, 2556, 2557, 2564, 2567, 2584, 2590, 2591, 2620, 2631, 2634, 2636, 2637, 2642, 2643, 2652, 2655, 2656, 2658, 2660, 2661, 2670, 2672, 2674, 2675, 2676, 2679, 2683, 2684, 2685, 2686, 2688, 2691, 2692, 2699, 2702, 2703, 2704, 2705, 2706, 2707, 2708, 2711, 2713, 2715, 2720, 2732, 2733, 2735, 2737, 2742, 2743, 2745, 2747, 2748, 2749, 2750, 2756, 2760, 2761, 2765, 2766, 2767, 2769, 2770, 2771, 2773, 2774, 2775, 2776, 2777, 2778, 2779, 2782, 2783, 2784, 2785, 2786, 2788, 2789, 2792, 2793, 2794, 2795, 2797, 2800, 2801, 2802, 2803, 2804, 2805, 2806, 2808, 2809, 2813, 2814, 2815, 2819, 2821, 2822, 2823, 2825, 2828, 2829, 2830, 2833, 2836, 2837, 2839, 2840, 2841, 2845, 2846, 2847, 2849, 2850, 2852, 2854, 2857, 2859, 2860, 2861, 2863, 2864, 2866, 2867, 2868, 2869, 2872, 2873, 2874, 2876, 2877, 2878, 2879, 2880, 2883, 2884, 2890, 2892, 2893, 2894, 2899, 2900, 2904, 2905, 2906, 2907, 2908, 2913, 2914, 2915, 2916, 2918, 2938, 2939, 2942, 2943, 2957, 2958, 2961, 2964, 2965, 2967, 2971, 2975, 2984, 2988, 2989, 2990, 2991, 2993, 2994, 2995, 2998, 2999, 3001, 3007, 3015, 3016, 3017, 3019, 3020, 3021, 3023, 3024, 3025, 3029, 3031, 3036, 3052, 3053, 3055, 3058, 3064, 3065, 3075, 3076, 3077, 3079, 3080, 3081, 3083, 3088, 3089, 3091, 3092, 3093, 3104, 3105, 3106, 3107, 3112, 3115, 3121, 3122, 3125, 3128, 3129, 3130, 3132, 3138, 3139, 3140, 3142, 3144, 3149, 3151, 3152, 3153, 3158, 3159, 3164, 3165, 3166, 3167, 3173, 3176, 3180, 3181, 3182, 3183, 3187, 3188, 3189, 3190, 3191, 3192, 3193, 3196, 3198, 3199, 3200, 3202, 3204, 3209, 3210, 3211, 3212, 3213, 3219, 3224, 3225, 3226, 3227, 3229, 3230, 3236, 3237, 3244, 3245, 3246, 3247, 3254, 3256, 3257, 3260, 3262, 3270, 3271, 3272, 3277, 3278, 3279, 3280, 3284, 3285, 3290, 3300, 3302, 3303, 3305, 3308, 3309, 3310, 3311, 3313, 3318, 3319, 3333, 3334, 3335, 3336, 3337, 3344, 3345, 3346, 3347, 3361, 3363, 3368, 3369, 3371, 3378, 3379, 3381, 3382, 3383, 3385, 3408, 3409, 3411, 3419, 3436, 3437, 3444, 3445, 3460, 3461, 3467, 3473, 3478, 3479, 3484, 3485, 3488, 3497, 3502, 3503, 3516, 3518, 3519, 3522, 3523, 3525, 3533, 3541, 3544, 3545, 3560, 3573, 3574, 3576, 3595, 3603, 3605, 3608, 3609, 3610, 3611, 3621, 3632, 3633, 3634, 3636, 3655, 3660, 3661, 3662, 3666, 3667, 3671, 3676, 3680, 3681, 3683, 3691, 3692, 3693, 3695, 3712, 3713, 3714, 3715, 3719, 3722, 3723, 3724, 3725, 3726, 3740, 3741, 3744, 3746, 3747, 3748, 3754, 3763, 3770, 3771, 3772, 3774, 3775, 3777, 3780, 3781, 3782, 3802, 3805, 3808, 3809, 3810, 3811, 3812, 3820, 3830, 3834, 3836, 3837, 3842, 3863, 3870, 3872, 3873, 3877, 3894, 3896, 3897, 3898, 3901, 3902, 3903, 3923, 3924, 3926, 3927, 3928, 3934, 3937, 3945, 3954, 3955, 3956, 3957, 3959, 3960, 3961, 3962, 3963, 3973, 3984, 3985, 3987, 3996, 3997, 4004, 4005, 4008, 4009, 4012, 4013, 4014, 4015, 4016, 4017, 4020, 4021, 4022, 4032, 4033, 4040, 4041, 4042, 4043, 4048, 4049, 4050, 4051, 4055, 4058, 4059, 4064, 4065, 4066, 4067, 4074, 4075, 4076, 4077, 4082, 4083, 4092, 4095, 4116, 4120, 4128, 4131, 4139, 4142, 4143, 4152, 4162, 4164, 4178, 4198, 4199, 4202, 4204, 4205, 4232, 4233, 4234, 4258, 4259, 4260, 4261, 4267, 4288, 4292, 4293, 4294, 4317, 4318, 4320, 4321, 4323, 4343, 4348, 4349, 4352, 4353, 4355, 4380, 4383, 4387, 4414, 4415, 4440, 4441, 4443, 4447, 4466, 4467, 4474, 4477, 4500, 4564]",approx,1,
images_tac/image_2764_tac.jpg,"fabric, soft, sewn","[0, 1, 4096, 4100, 4101, 2052, 6, 8, 14, 15, 2065, 22, 23, 24, 4119, 4118, 2075, 4127, 32, 33, 2083, 4132, 40, 41, 4144, 4145, 50, 2098, 55, 2106, 4155, 58, 4162, 76, 86, 87, 93, 106, 107, 4204, 4205, 112, 116, 117, 120, 121, 125, 128, 129, 130, 131, 4231, 4233, 138, 139, 147, 153, 4249, 2204, 158, 2209, 4258, 4259, 164, 165, 4267, 175, 2226, 2227, 4276, 4277, 2232, 188, 189, 2237, 191, 190, 2236, 4292, 4293, 198, 199, 202, 203, 205, 2254, 2255, 208, 4306, 4307, 213, 2263, 2266, 4317, 2270, 2271, 4320, 4321, 225, 224, 234, 2286, 2287, 4339, 2292, 2293, 246, 247, 2296, 2297, 2302, 4352, 257, 4353, 260, 261, 2312, 266, 269, 271, 2320, 2321, 275, 2324, 279, 281, 2331, 4380, 285, 288, 295, 297, 2346, 300, 301, 2352, 2356, 2360, 2361, 4414, 318, 322, 2371, 323, 326, 327, 2378, 2379, 2380, 2381, 2384, 336, 2385, 337, 2388, 2389, 341, 340, 4440, 345, 2394, 4441, 347, 344, 2400, 2401, 355, 2409, 2410, 363, 2411, 362, 2414, 4466, 2419, 373, 386, 2436, 2437, 2444, 2445, 396, 397, 402, 2455, 2457, 2462, 2463, 2472, 2473, 436, 2486, 2487, 443, 446, 447, 2497, 453, 2503, 456, 457, 460, 2513, 470, 474, 2524, 481, 2534, 2535, 2546, 2547, 2556, 2557, 510, 509, 508, 2561, 2571, 536, 2584, 544, 2607, 572, 573, 2621, 2620, 2624, 2630, 2638, 2639, 2642, 2643, 596, 597, 2652, 2653, 604, 2665, 2670, 2671, 626, 2675, 2680, 632, 2681, 2688, 2689, 2690, 2691, 2699, 2700, 2701, 2704, 2705, 659, 2708, 2709, 2714, 2715, 2717, 2718, 2720, 2722, 2729, 2732, 2733, 2740, 693, 692, 2745, 2748, 2749, 2750, 2758, 2759, 2762, 2763, 2766, 2767, 2774, 2776, 2777, 2782, 2783, 2791, 2792, 2793, 2799, 2801, 2802, 2803, 2808, 2811, 2812, 2813, 2824, 2825, 2834, 2835, 2844, 798, 2846, 2847, 801, 800, 799, 2856, 2857, 2860, 2861, 818, 819, 2868, 2870, 2871, 826, 827, 2878, 2879, 831, 2884, 2885, 844, 845, 2894, 2895, 2900, 2901, 854, 855, 2908, 2909, 862, 2910, 2911, 2918, 2919, 872, 873, 876, 877, 878, 882, 886, 2935, 2936, 893, 2944, 2950, 2951, 907, 912, 913, 2962, 917, 2967, 921, 2970, 2969, 2972, 2982, 935, 938, 2987, 2986, 942, 943, 946, 2994, 2996, 3000, 3001, 956, 957, 961, 3019, 974, 3024, 3026, 3027, 3033, 3036, 3040, 3054, 3055, 3057, 3062, 3068, 3072, 3073, 3086, 3087, 3096, 3097, 3103, 3106, 3124, 3128, 3129, 3134, 3135, 1095, 3145, 3146, 1097, 3147, 3156, 1109, 1110, 1111, 3157, 3161, 1118, 1119, 3168, 3169, 3171, 1124, 1125, 1126, 3178, 1134, 3184, 1136, 3185, 1141, 1145, 3194, 1147, 3195, 1151, 1154, 3205, 1158, 1159, 3217, 3220, 3221, 3228, 3229, 3231, 1183, 1186, 1187, 3238, 3242, 3243, 3252, 3253, 1209, 1210, 1211, 1214, 1215, 1219, 3275, 3280, 3281, 3288, 3289, 3290, 1241, 1244, 1248, 1250, 3304, 3305, 3314, 3315, 1281, 3332, 3333, 3340, 3341, 3348, 1302, 3350, 1305, 1306, 1307, 3366, 3367, 3373, 3376, 1331, 1332, 3382, 3383, 1338, 1342, 1343, 3396, 1352, 1353, 1356, 1357, 3406, 3407, 1364, 1365, 1367, 3416, 1374, 1375, 1379, 1381, 3438, 3439, 3440, 1393, 3442, 3443, 3450, 1405, 1408, 1409, 1415, 3464, 3465, 1418, 3469, 1422, 3471, 1423, 3474, 3475, 3480, 3481, 1433, 1440, 3489, 3490, 3491, 1441, 1445, 1448, 3498, 3499, 3504, 3505, 1462, 3514, 1467, 3515, 3522, 3523, 3529, 3532, 3533, 1486, 3540, 3541, 1493, 3548, 1506, 1507, 3558, 1523, 1528, 3577, 1531, 1539, 1543, 1551, 3601, 1558, 3608, 3609, 3610, 3611, 1565, 1574, 3636, 3637, 1588, 1609, 3662, 3663, 1627, 1644, 1646, 1647, 3696, 3697, 3706, 1663, 3712, 3713, 3717, 1669, 1671, 3718, 3724, 1680, 3730, 1685, 1689, 3738, 1690, 1694, 1695, 3744, 1698, 3746, 1701, 1703, 3754, 1708, 1709, 1710, 1711, 1718, 1719, 3768, 3770, 3771, 1726, 3774, 1727, 3778, 1734, 1736, 3789, 3790, 1744, 1745, 1754, 1755, 3804, 1759, 1761, 1762, 3811, 1763, 3814, 3818, 1771, 1773, 3826, 3827, 3833, 1786, 1787, 3837, 3840, 3841, 3845, 3850, 1812, 1813, 3866, 3867, 3873, 1828, 1829, 1838, 1842, 1843, 3892, 3893, 3896, 1852, 1853, 1856, 1868, 3920, 3921, 1874, 1875, 3928, 3929, 3930, 3931, 1883, 1881, 1888, 3943, 1898, 1899, 1900, 3949, 3952, 1905, 3953, 1904, 3960, 1914, 1915, 3964, 3965, 1922, 1923, 3974, 1927, 3975, 1926, 3980, 1933, 1932, 1937, 1940, 3989, 3990, 3988, 1948, 1949, 1950, 4002, 1955, 4003, 1958, 1959, 4006, 4012, 4013, 1966, 1967, 1965, 4017, 1973, 1976, 1977, 4024, 4027, 1982, 4031, 1983, 4034, 4035, 1992, 1993, 4043, 1997, 4046, 4047, 2006, 4056, 4057, 4060, 2013, 4061, 2012, 2016, 2017, 2020, 4068, 2022, 4071, 2023, 4070, 4074, 4069, 2028, 2029, 2021, 2033, 2038, 2039, 4094]",approx,2,
images_tac/image_1391_tac.jpg,"soft, deformable, fabric",[6],strict,959,
images_tac/image_700_tac.jpg,"flat, hard, uneven","[4104, 2057, 4106, 2056, 2060, 2061, 4105, 4112, 4114, 4115, 2068, 4121, 2079, 36, 4133, 37, 2094, 52, 4149, 4148, 4151, 4160, 4170, 81, 4182, 4183, 96, 2144, 97, 108, 111, 113, 2161, 2164, 124, 2172, 133, 135, 2194, 4244, 2197, 2196, 155, 156, 157, 4254, 167, 178, 179, 194, 4301, 4302, 4311, 222, 2306, 2307, 2309, 4357, 4360, 4362, 4367, 4369, 4372, 4373, 2336, 289, 4392, 4395, 4401, 4409, 4410, 2363, 2364, 2365, 317, 2367, 321, 4427, 4431, 4437, 2391, 4439, 4445, 4463, 2428, 393, 4494, 4495, 405, 406, 407, 411, 4508, 414, 4510, 4512, 4513, 417, 4514, 420, 421, 422, 418, 426, 428, 429, 430, 4527, 431, 433, 4540, 448, 450, 452, 4555, 2507, 462, 465, 466, 467, 4566, 4568, 4569, 2521, 475, 4572, 477, 476, 4570, 4576, 2528, 4578, 4579, 4582, 487, 4584, 2536, 490, 491, 4585, 489, 492, 4586, 488, 493, 497, 498, 496, 499, 502, 2551, 504, 505, 515, 516, 517, 520, 521, 522, 523, 528, 529, 530, 531, 532, 2581, 533, 2586, 2588, 548, 549, 550, 551, 552, 553, 2602, 558, 559, 561, 575, 576, 577, 580, 581, 582, 583, 585, 588, 589, 590, 591, 2641, 2644, 2654, 608, 610, 611, 613, 618, 619, 621, 624, 634, 636, 637, 638, 642, 647, 648, 2697, 650, 649, 652, 2712, 668, 669, 670, 671, 672, 673, 675, 677, 2726, 2727, 2728, 681, 2730, 678, 684, 679, 694, 697, 699, 701, 702, 703, 704, 2755, 707, 709, 711, 712, 713, 724, 727, 728, 736, 742, 743, 744, 748, 754, 755, 757, 758, 770, 772, 777, 779, 783, 785, 786, 787, 804, 806, 807, 838, 839, 840, 841, 842, 864, 865, 866, 897, 898, 902, 903, 939, 948, 949, 950, 952, 953, 964, 965, 966, 972, 980, 981, 990, 999, 3061, 1015, 1016, 1017, 3066, 1019, 3067, 3082, 1042, 1043, 1051, 1052, 3117, 3120, 1074, 1076, 1077, 1082, 1088, 3150, 1140, 1143, 3201, 3234, 3235, 1201, 3268, 3269, 1224, 1226, 1227, 1228, 1230, 1234, 1245, 3295, 3301, 1262, 3324, 3326, 1284, 1285, 1286, 1287, 1294, 1295, 1296, 1297, 3354, 1312, 1313, 3362, 1315, 1319, 1325, 1326, 3387, 1347, 1348, 3402, 3403, 1359, 1360, 1370, 1371, 1387, 1400, 3456, 1417, 1427, 3494, 1460, 1461, 1480, 1485, 1487, 1502, 1509, 1510, 1511, 1512, 3561, 1513, 3563, 3564, 1518, 1520, 1534, 1536, 3585, 1537, 3587, 1540, 3589, 1544, 1545, 1546, 3596, 3617, 1571, 3620, 1573, 3622, 3623, 1578, 1579, 3640, 1594, 3649, 3651, 3657, 3658, 1621, 3674, 3675, 3684, 1640, 1642, 1674, 3801, 1767, 1789, 1790, 1791, 1792, 1795, 3844, 3843, 1799, 1800, 1801, 1804, 3862, 1814, 1818, 1819, 1823, 1824, 1825, 1834, 1835, 3889, 1846, 1847, 1848, 3910, 3911, 3914, 1894, 1895, 1918, 1969, 1972, 2002, 4080, 4081, 4093]",approx,1,
images_tac/image_1346_tac.jpg,"hard, flat, splotchy, grainy","[2056, 2057, 4106, 2060, 2061, 2064, 4112, 2068, 4121, 2079, 36, 37, 2091, 2094, 51, 52, 4149, 4148, 4151, 4160, 66, 67, 4170, 81, 83, 4182, 96, 2144, 97, 2148, 2149, 2150, 108, 111, 113, 2161, 2164, 118, 124, 2172, 2176, 2177, 2178, 133, 135, 142, 143, 2194, 2196, 2197, 152, 2201, 155, 156, 157, 167, 174, 178, 179, 194, 4301, 4302, 4311, 222, 232, 233, 235, 250, 2306, 2307, 4360, 4362, 4367, 4369, 4372, 4373, 2334, 2335, 2336, 4392, 4395, 4401, 307, 4409, 4410, 2363, 2364, 2365, 317, 2367, 320, 321, 2368, 2369, 2370, 4427, 331, 4431, 4437, 2391, 4439, 2395, 4445, 365, 4463, 2428, 389, 390, 393, 4494, 4495, 403, 405, 406, 407, 411, 412, 4508, 414, 4510, 413, 417, 418, 420, 421, 422, 423, 424, 425, 426, 428, 429, 430, 4527, 431, 432, 434, 2483, 433, 448, 496, 450, 451, 452, 2504, 4555, 2507, 461, 462, 465, 466, 467, 468, 469, 4566, 471, 4569, 2521, 475, 4572, 477, 476, 479, 2528, 4570, 478, 4579, 484, 4582, 487, 2536, 489, 490, 491, 4586, 493, 492, 488, 4584, 497, 494, 495, 500, 501, 502, 2551, 504, 498, 499, 2558, 516, 517, 518, 519, 520, 521, 2570, 522, 526, 527, 528, 529, 530, 531, 2579, 2578, 2581, 533, 532, 2585, 2586, 2588, 2594, 2595, 548, 549, 550, 551, 552, 553, 2602, 559, 561, 562, 563, 575, 576, 577, 2628, 580, 2629, 583, 582, 585, 586, 587, 588, 589, 590, 591, 2641, 2644, 2654, 611, 613, 614, 615, 618, 619, 624, 634, 636, 637, 638, 640, 641, 647, 2697, 2698, 651, 652, 2712, 666, 667, 668, 669, 670, 671, 672, 675, 2723, 676, 2726, 2727, 2728, 681, 682, 683, 684, 2730, 678, 679, 694, 697, 699, 701, 702, 703, 704, 706, 2755, 708, 709, 711, 712, 713, 724, 727, 729, 730, 731, 736, 737, 739, 744, 748, 752, 754, 755, 757, 758, 770, 772, 773, 774, 775, 779, 780, 783, 785, 786, 787, 789, 790, 804, 806, 807, 808, 810, 811, 816, 817, 836, 837, 838, 839, 840, 841, 842, 863, 864, 865, 866, 867, 581, 898, 2974, 939, 940, 947, 948, 949, 950, 951, 952, 953, 964, 965, 966, 967, 968, 969, 970, 971, 977, 980, 981, 983, 984, 985, 990, 995, 999, 1002, 1005, 3061, 1015, 1016, 1017, 3066, 3067, 1019, 1042, 1043, 1046, 1049, 1051, 1052, 1074, 1076, 1077, 1082, 3150, 1140, 1143, 3201, 3234, 1199, 1201, 1223, 1224, 1226, 1227, 1228, 1230, 1233, 1234, 3287, 1240, 1245, 1249, 1259, 1266, 1267, 3324, 1282, 1283, 1284, 1285, 1287, 1292, 1293, 1294, 1295, 1296, 1297, 1312, 1313, 1315, 1316, 1319, 1321, 1325, 1326, 3387, 1344, 1345, 1347, 1354, 3403, 1360, 1363, 1370, 1371, 1387, 1390, 1399, 1400, 3456, 3460, 3461, 1417, 3479, 1432, 1450, 1460, 1461, 3518, 1477, 1480, 1485, 1487, 1492, 3545, 1509, 1510, 1511, 1512, 3561, 1513, 1516, 1517, 1518, 3573, 1534, 1536, 3585, 1537, 1538, 1540, 3589, 1542, 1544, 1545, 1546, 1553, 3605, 1564, 3617, 1571, 3620, 1573, 1578, 1579, 1580, 1581, 3633, 1590, 1594, 1598, 3649, 3657, 3658, 3667, 1621, 3674, 3675, 3684, 1640, 1642, 1674, 1675, 1737, 1767, 1788, 1789, 1790, 1791, 1792, 1795, 1796, 3844, 1798, 1797, 1800, 3843, 1799, 1801, 1804, 1806, 1807, 3862, 1814, 1816, 1817, 1818, 1819, 3868, 1820, 1823, 1824, 1825, 1830, 1834, 1835, 1839, 3889, 1846, 1847, 1848, 3900, 3910, 3911, 1873, 1895, 1918, 3986, 1941, 1951, 1969, 1972, 2002, 2030, 2031, 4081, 2042, 4093]",approx,1,
images_tac/image_1697_tac.jpg,"fabric, coarse, sewn","[3095, 3106, 4132, 43, 55, 3128, 3129, 3136, 2624, 3154, 86, 87, 88, 3163, 99, 2670, 2671, 112, 626, 1141, 3706, 123, 1151, 3717, 2700, 2701, 2191, 1680, 3730, 147, 2708, 2709, 150, 3222, 1689, 3738, 1690, 2204, 2716, 2718, 1698, 3240, 4264, 2224, 2225, 690, 3250, 2232, 2745, 1211, 1724, 1725, 3774, 2762, 2763, 3789, 3790, 3284, 1239, 2266, 1244, 1759, 3811, 3818, 3826, 3827, 2292, 2293, 3837, 3845, 3338, 3342, 2320, 2321, 1812, 1813, 3864, 281, 3865, 2331, 286, 288, 3873, 3373, 2352, 3896, 1851, 1856, 322, 323, 3396, 2380, 1356, 1868, 1357, 2381, 2388, 2389, 341, 340, 3933, 1379, 1383, 1900, 2414, 1906, 3959, 3960, 893, 1408, 1409, 1926, 2951, 1927, 2950, 1418, 3469, 3471, 1937, 1938, 4499, 2967, 1955, 419, 1445, 2982, 4006, 2471, 4017, 4018, 1973, 1462, 955, 443, 4031, 962, 963, 453, 4043, 1997, 973, 2005, 3033, 474, 1499, 2012, 2013, 4063, 3040, 481, 4074]",approx,4,
images_tac/image_2447_tac.jpg,"fabric, uneven, coarse","[534, 3095, 4127, 43, 4147, 2616, 4155, 3136, 4172, 2637, 80, 3154, 88, 3163, 99, 1645, 123, 1161, 2191, 150, 1687, 3222, 4249, 2716, 1694, 3240, 4264, 2224, 2225, 690, 3250, 4276, 4277, 3768, 1724, 1725, 1214, 1215, 1727, 4290, 3267, 4306, 4307, 3284, 1239, 1242, 1755, 1754, 236, 3830, 3320, 1277, 3850, 3338, 3342, 3858, 3864, 3865, 286, 3874, 1829, 3376, 1330, 3381, 1851, 3923, 3933, 1383, 1906, 3959, 1407, 3976, 2960, 1938, 4499, 419, 4516, 2471, 937, 4011, 1967, 4018, 955, 1982, 1983, 962, 963, 973, 2510, 2005, 1499, 4063, 3552, 486]",approx,166,
images_tac/image_3940_tac.jpg,"woven, thick, deformable","[1666, 387, 1031, 2184, 2185, 1562, 2076, 2082, 4515, 2216, 3885, 4291, 2243, 4420, 455, 1610, 2508, 3919, 2135, 4452, 4335, 1527]",approx,10,
images_tac/image_3773_tac.jpg,"fabric, lined, elastic","[0, 1, 2052, 2053, 9, 10, 11, 12, 14, 15, 17, 18, 19, 2075, 27, 29, 30, 32, 2083, 2086, 41, 2093, 45, 49, 2098, 55, 2106, 58, 59, 62, 63, 4162, 68, 2117, 4164, 2120, 72, 73, 2124, 78, 79, 4177, 4178, 86, 87, 88, 89, 90, 2139, 93, 2147, 100, 106, 107, 4204, 109, 4202, 2159, 112, 4205, 2160, 2154, 116, 117, 120, 121, 122, 4095, 128, 129, 4226, 130, 2180, 2181, 131, 4232, 4233, 138, 4234, 139, 4237, 2191, 2195, 148, 147, 151, 2204, 161, 2209, 163, 162, 4259, 4258, 4263, 165, 4262, 4267, 2226, 2227, 2228, 2230, 2231, 2232, 2233, 188, 2237, 2236, 4288, 193, 4292, 2245, 4293, 199, 4294, 203, 204, 2254, 2255, 2258, 2259, 2261, 2263, 2264, 2265, 2266, 2267, 2269, 2270, 2271, 4320, 4321, 4317, 4318, 228, 4324, 4325, 2280, 2281, 2282, 2284, 2286, 2287, 2289, 2291, 2292, 2293, 2296, 2297, 2299, 4348, 2301, 2302, 255, 4352, 257, 4353, 254, 260, 4355, 253, 2312, 2313, 2315, 2318, 2319, 2320, 2321, 2322, 2323, 2324, 2325, 2326, 279, 2327, 280, 2328, 283, 4380, 285, 286, 2331, 288, 4384, 2338, 2339, 291, 4387, 2342, 4385, 2344, 2345, 2346, 2347, 2348, 2343, 2350, 2351, 2352, 2353, 2354, 2355, 2356, 304, 2358, 2357, 2360, 2361, 4408, 315, 4411, 316, 4414, 4415, 318, 2362, 4418, 2371, 323, 2373, 2374, 2375, 2376, 2377, 2378, 2379, 2380, 2381, 2383, 2384, 336, 2385, 2387, 2388, 2389, 2390, 4440, 345, 2394, 347, 4441, 348, 4444, 351, 2400, 2401, 2398, 353, 2404, 2405, 4447, 355, 2408, 2409, 2410, 2411, 2407, 2413, 366, 2414, 2417, 4466, 371, 2419, 2418, 4467, 370, 4472, 4473, 4474, 379, 2429, 382, 4477, 2432, 2433, 386, 2434, 2435, 2437, 2438, 2436, 2440, 2441, 2442, 2443, 2444, 2445, 396, 397, 2448, 2449, 402, 2451, 2452, 2450, 400, 4503, 4500, 2459, 2462, 2463, 416, 2465, 2466, 2467, 2469, 438, 439, 442, 443, 445, 453, 456, 457, 460, 470, 474, 480, 2530, 508, 510, 514, 536, 537, 540, 541, 545, 572, 2620, 2634, 2642, 2643, 596, 597, 603, 2656, 2657, 2658, 2660, 2661, 2670, 2672, 2674, 2675, 2676, 630, 2679, 2680, 632, 2678, 2684, 2685, 2688, 2691, 2692, 2699, 2700, 2701, 655, 2704, 2705, 2706, 2708, 2711, 663, 2715, 2720, 2732, 2733, 687, 2736, 2737, 2742, 2745, 2747, 2748, 2749, 2750, 2762, 2763, 2765, 2766, 2767, 2769, 2773, 2775, 2776, 2782, 2783, 2786, 2788, 2789, 2792, 2793, 2797, 2800, 2802, 2803, 2804, 2806, 2807, 2813, 2816, 2819, 2821, 2825, 2828, 2829, 2830, 2836, 2837, 2839, 2843, 2845, 798, 2846, 2847, 801, 800, 799, 2852, 2854, 2857, 2860, 2861, 2864, 2866, 2868, 2869, 825, 826, 827, 2877, 2878, 2879, 2884, 2888, 2890, 2894, 2899, 2900, 854, 855, 2904, 2905, 2906, 2908, 2913, 2914, 2915, 2918, 872, 873, 876, 877, 882, 2931, 893, 900, 907, 2958, 2961, 913, 2963, 917, 2967, 921, 923, 2973, 928, 930, 931, 934, 938, 2988, 942, 943, 2993, 946, 3001, 957, 961, 3015, 3016, 3019, 3023, 3024, 3033, 988, 3036, 989, 3047, 3048, 3055, 3058, 3065, 3076, 3077, 3083, 3092, 3093, 3097, 3106, 3121, 3128, 3130, 3138, 1095, 3144, 1097, 1096, 1099, 1098, 3152, 3153, 1109, 1110, 1111, 1115, 3164, 3165, 1118, 1119, 1120, 1122, 1123, 1124, 3173, 1126, 1127, 3171, 3172, 1130, 1128, 1132, 3181, 1134, 1133, 1136, 1138, 3188, 1141, 3189, 3191, 1145, 1146, 1147, 1148, 1149, 1150, 3199, 1151, 3198, 3202, 3203, 1154, 3204, 1158, 3212, 3213, 3224, 3225, 3243, 3246, 3247, 3253, 3256, 1209, 1210, 3257, 3260, 1208, 1219, 3270, 3271, 3277, 3278, 3279, 3284, 3285, 1244, 3300, 3308, 3309, 3310, 3311, 3318, 3319, 1275, 3333, 3336, 3344, 1303, 1305, 1306, 1307, 1308, 3363, 1331, 3381, 3382, 1335, 3383, 1334, 1338, 1339, 1352, 1353, 1355, 1356, 1357, 3407, 1361, 1365, 1367, 1372, 1374, 1376, 1377, 1379, 1380, 1381, 1383, 1384, 3439, 4347, 1393, 1394, 3444, 4349, 1403, 1404, 1408, 1409, 1410, 1411, 1412, 1413, 1414, 1415, 1416, 1418, 3467, 1422, 1423, 3474, 1426, 1433, 1434, 1435, 1437, 1439, 1440, 1441, 1445, 1446, 1448, 3498, 1454, 1455, 1456, 1462, 1463, 1464, 1465, 3514, 1467, 3516, 1469, 1470, 1468, 1472, 1473, 1474, 1466, 1476, 1478, 2330, 1486, 1493, 1495, 1497, 1500, 1506, 1507, 3559, 3576, 1528, 1531, 1539, 3595, 4378, 1550, 4379, 3603, 3609, 3610, 1565, 4383, 1574, 3634, 3661, 3671, 1626, 3676, 1636, 1643, 3695, 1651, 1659, 3716, 3717, 1669, 3719, 3721, 1673, 3723, 3725, 1678, 1680, 1683, 1685, 1686, 1688, 1689, 1690, 1691, 3740, 1693, 3742, 1695, 3744, 3743, 3746, 3747, 1700, 1701, 1702, 3752, 3753, 3754, 1706, 1709, 1711, 1713, 1714, 1715, 1718, 1719, 1721, 3770, 1723, 3771, 1722, 1726, 3775, 1728, 3772, 1730, 344, 1731, 3781, 3780, 1740, 1741, 1742, 1745, 1748, 1749, 1752, 3802, 349, 1758, 1759, 3808, 350, 3810, 3811, 3812, 1771, 3820, 1773, 1772, 1776, 1777, 1780, 1782, 1783, 3830, 1786, 3836, 3837, 2393, 1808, 1810, 1812, 1813, 3863, 3872, 3873, 1827, 1837, 1838, 1842, 1843, 3896, 3897, 1852, 1853, 3902, 1855, 1856, 1857, 369, 3903, 1868, 1870, 1872, 1874, 3923, 3924, 1875, 4443, 3928, 1881, 1883, 1884, 1885, 1887, 3936, 3939, 1899, 1900, 3947, 1902, 1904, 3956, 1909, 3957, 3959, 3960, 1911, 1914, 1915, 1916, 1919, 1922, 1923, 1926, 1927, 1928, 1932, 1933, 1934, 1936, 1937, 3985, 3984, 1944, 1945, 1946, 1947, 1948, 1949, 1950, 1954, 1955, 1958, 1959, 4008, 4009, 1961, 1963, 1962, 4013, 1966, 4016, 1970, 4020, 1973, 1974, 1976, 1977, 1978, 1979, 1982, 1986, 1987, 1990, 1991, 1992, 1993, 4042, 1996, 1997, 2001, 2003, 2006, 4055, 2008, 2011, 2013, 2015, 2016, 4065, 4064, 2021, 2022, 2023, 2024, 2025, 4074, 2028, 4085, 4086, 2039, 2045, 2046, 2047]",approx,2,
images_tac/image_2669_tac.jpg,"coarse, mesh, deformable","[184, 2492, 455]",approx,58,
images_tac/image_1419_tac.jpg,"hard, flat, splotchy, smooth","[2306, 522, 1674, 1297, 1042, 1043, 156, 1571, 548, 421, 420, 2727, 939, 430, 431, 179, 1972, 1846, 953, 2365, 964, 713, 2002, 724, 980, 990, 2144, 1513, 1017]",strict,98,
images_tac/image_2399_tac.jpg,"lined, coarse, uneven, fabric","[0, 1, 2052, 2053, 10, 11, 12, 17, 18, 19, 27, 29, 30, 4127, 32, 2083, 2086, 43, 2093, 4147, 2106, 58, 59, 62, 63, 4162, 68, 4165, 4166, 2117, 2120, 4164, 73, 2124, 78, 79, 80, 4178, 88, 89, 90, 2139, 93, 2147, 99, 100, 4202, 4204, 109, 4205, 2160, 116, 117, 120, 121, 122, 123, 2180, 2181, 4232, 4233, 4234, 2191, 2195, 148, 147, 150, 151, 4249, 4252, 162, 163, 4259, 4258, 166, 165, 4264, 4267, 2224, 2225, 2226, 2227, 4276, 2228, 2230, 2231, 188, 2237, 2236, 4288, 4289, 193, 4290, 4292, 4293, 4294, 199, 203, 204, 2254, 2255, 4307, 2261, 2263, 2264, 2265, 2266, 2267, 2269, 2270, 2271, 4320, 4321, 4317, 4318, 2280, 2281, 2282, 236, 2284, 2286, 2287, 2289, 2291, 2296, 2297, 2299, 2300, 2301, 2302, 255, 4352, 257, 4353, 254, 260, 4355, 4358, 2312, 2313, 2315, 2318, 2319, 2322, 2323, 2324, 2325, 2326, 279, 2327, 283, 4380, 285, 286, 4383, 288, 2338, 2339, 291, 4387, 2344, 2345, 2346, 2347, 2348, 4393, 2350, 2351, 304, 2353, 2354, 2355, 2356, 2357, 2358, 4407, 2360, 2361, 2362, 315, 316, 4414, 4415, 318, 2371, 2373, 2375, 2376, 2377, 2378, 2379, 2383, 2384, 336, 2385, 2387, 4438, 4440, 345, 2394, 4441, 347, 349, 2398, 4447, 2400, 2401, 353, 355, 4443, 2407, 2408, 2409, 2410, 2411, 2413, 366, 2417, 4466, 2419, 2418, 4467, 370, 369, 4474, 4475, 379, 2429, 4477, 384, 4481, 386, 2434, 2433, 2432, 2438, 2435, 2437, 2441, 2442, 2443, 2444, 2445, 396, 397, 2448, 400, 402, 4499, 2451, 2452, 4498, 4500, 4504, 2459, 2462, 2463, 416, 2465, 419, 2469, 2471, 438, 439, 443, 456, 457, 460, 2510, 470, 2530, 1724, 486, 508, 510, 536, 541, 3772, 2616, 2618, 572, 2620, 2634, 2637, 2642, 2643, 596, 597, 2656, 2658, 2660, 2661, 2670, 2672, 2674, 2675, 2676, 630, 2679, 632, 2684, 2685, 2688, 2691, 2692, 2699, 655, 2704, 2705, 2706, 2708, 2715, 2716, 2720, 2732, 2733, 687, 2737, 690, 2742, 2745, 2747, 2748, 2749, 2750, 2765, 2766, 2767, 2769, 2775, 2776, 2782, 2783, 2786, 2788, 2789, 2792, 2793, 2797, 2800, 2802, 2803, 2804, 2813, 2819, 2821, 2825, 2828, 2830, 2836, 2837, 2839, 2845, 798, 2846, 2847, 801, 800, 799, 2854, 2857, 2860, 2861, 2866, 2868, 2869, 825, 826, 827, 2877, 2878, 2879, 2884, 2894, 2899, 2900, 854, 855, 2904, 2905, 2906, 2908, 2913, 2914, 2918, 872, 873, 900, 907, 2958, 2960, 2961, 913, 923, 930, 931, 934, 937, 938, 2988, 943, 2993, 946, 3001, 955, 961, 962, 963, 3015, 3016, 3019, 973, 3023, 3024, 3036, 989, 3055, 3076, 3083, 3092, 3093, 3095, 3106, 3130, 3136, 3138, 1095, 3144, 1097, 1096, 3152, 3153, 3154, 1109, 1110, 1111, 3163, 3164, 3165, 1118, 1119, 1120, 1124, 3173, 1126, 1127, 3181, 1134, 1136, 1138, 3188, 3189, 1146, 1147, 3198, 3199, 3202, 1154, 3204, 1161, 3212, 3213, 3222, 3224, 3240, 3246, 3247, 3250, 1208, 1209, 1210, 3260, 1214, 1215, 1219, 3270, 3271, 3277, 3278, 3284, 3285, 1238, 1239, 1242, 3308, 3309, 3311, 3318, 3319, 3320, 1275, 1277, 3333, 3336, 3338, 3342, 3344, 1304, 1305, 1306, 1307, 1308, 3363, 3364, 3376, 1330, 1331, 3381, 3382, 3383, 1338, 1339, 1352, 1353, 1355, 1365, 1367, 1372, 1374, 1376, 1377, 1380, 1381, 1383, 1384, 1393, 1394, 4348, 4349, 1403, 1404, 1407, 1410, 1412, 1413, 1414, 1415, 1416, 3467, 1422, 1423, 1433, 1434, 1435, 1437, 1439, 1440, 1441, 1446, 1448, 1454, 1455, 1456, 1463, 1464, 1465, 1466, 1467, 3516, 1469, 1470, 1468, 1472, 1474, 1476, 1478, 1486, 1493, 1495, 1499, 1500, 3552, 1506, 1507, 3565, 3576, 1539, 3595, 1550, 3603, 3609, 3610, 3634, 3661, 3671, 1626, 3676, 1636, 1643, 1645, 3695, 1651, 1659, 3719, 1673, 3723, 3725, 1678, 1683, 1685, 1686, 1687, 1688, 1691, 3740, 1693, 1694, 1695, 3744, 3746, 3747, 1700, 1701, 1702, 3754, 1706, 1709, 1711, 1713, 1714, 1718, 1719, 1721, 3770, 1723, 3771, 1725, 1726, 3775, 1728, 1722, 1730, 344, 1731, 3781, 3780, 1727, 1740, 1741, 1742, 1745, 1748, 1749, 1752, 3802, 1755, 1754, 1758, 1759, 3807, 3812, 1771, 3820, 1773, 1772, 1776, 1780, 1782, 3830, 1786, 3836, 2393, 1808, 1810, 3863, 3864, 3865, 3872, 3874, 1827, 1829, 1837, 1838, 1843, 1851, 1852, 1853, 3902, 1855, 3903, 1872, 3923, 1875, 3928, 1881, 1883, 1884, 3933, 1885, 1887, 1899, 1902, 1904, 1906, 3956, 3959, 1911, 1914, 1915, 1916, 1922, 1923, 3976, 1928, 1932, 1933, 1934, 1936, 3985, 1938, 3984, 1944, 1945, 1946, 1947, 1948, 1949, 1950, 1954, 1958, 1959, 4008, 4009, 1961, 4011, 1963, 4013, 1966, 1967, 4016, 1970, 4018, 4020, 1974, 1976, 1977, 1978, 1979, 1982, 1983, 1990, 1991, 1992, 1993, 4042, 1999, 2001, 2005, 2006, 4055, 2008, 2011, 4063, 2016, 4065, 4064, 2015, 2436, 2021, 2022, 2023, 2028, 2039]",approx,2,
images_tac/image_4174_tac.jpg,"woven, deformable, thick","[1666, 387, 1031, 2184, 2185, 1562, 2076, 2082, 4515, 2216, 3885, 4291, 2243, 4420, 455, 1610, 2508, 3919, 2135, 4452, 4335, 1527]",approx,90,
images_tac/image_2007_tac.jpg,"soft, fabric, deformable","[24, 831]",strict,2824,
images_tac/image_4023_tac.jpg,"grainy, fabric, coarse","[2, 2055, 22, 23, 29, 33, 2087, 40, 43, 4144, 49, 50, 55, 64, 69, 72, 76, 86, 88, 92, 99, 101, 2154, 123, 2191, 150, 153, 2202, 2204, 161, 164, 4264, 175, 2224, 2225, 2232, 2233, 2234, 189, 190, 191, 198, 2256, 2258, 2259, 2260, 213, 219, 2267, 227, 4323, 230, 2282, 234, 2292, 2293, 253, 254, 269, 2320, 2321, 277, 2327, 2328, 2331, 286, 287, 2338, 2339, 2342, 295, 2344, 2343, 300, 301, 2352, 2353, 2354, 326, 2375, 2374, 327, 2380, 2381, 2388, 2389, 2390, 346, 4443, 2398, 351, 2404, 2405, 362, 363, 2414, 371, 372, 382, 2432, 2433, 2440, 2441, 2446, 2448, 2449, 2450, 4499, 2451, 2459, 2461, 416, 2466, 419, 2467, 2471, 2473, 2483, 442, 447, 2502, 2504, 463, 2524, 2531, 2534, 2535, 2556, 2557, 2584, 2590, 2591, 571, 2624, 2631, 2652, 2656, 631, 633, 2683, 2703, 2707, 2711, 663, 2713, 2716, 690, 2743, 2773, 2777, 2797, 2806, 2808, 760, 2809, 2819, 2829, 2839, 2845, 2852, 2864, 818, 819, 2872, 2890, 844, 862, 2915, 887, 893, 2957, 912, 2967, 919, 2971, 927, 941, 942, 2993, 2994, 2995, 2998, 955, 956, 962, 963, 3015, 3017, 973, 3023, 3025, 3053, 3058, 3062, 3072, 3073, 3076, 3077, 3079, 3083, 3092, 3093, 3095, 3096, 3102, 3103, 3105, 3112, 3121, 3124, 3128, 3129, 3130, 3134, 3135, 3136, 3138, 3139, 3142, 3149, 3151, 3152, 3153, 3154, 3156, 3157, 3160, 3161, 3163, 3165, 3168, 3169, 3170, 1125, 3181, 3182, 3184, 3185, 3187, 3188, 1141, 1142, 3189, 3191, 3194, 3195, 3196, 3198, 3199, 3200, 3202, 1155, 3209, 3212, 3213, 3216, 3217, 3219, 3220, 3221, 3222, 3224, 3225, 3227, 3228, 3229, 3230, 3231, 1185, 1187, 3238, 3240, 3242, 3246, 3247, 3250, 3256, 3257, 3262, 3267, 1220, 3271, 3274, 3275, 3278, 3279, 3280, 3281, 3284, 3285, 1239, 3288, 1241, 3290, 3300, 3304, 3305, 3309, 3310, 3311, 3314, 3315, 3319, 1281, 3332, 3336, 3337, 3338, 3340, 3341, 3342, 3344, 3345, 3348, 3350, 3363, 3367, 1329, 1354, 1356, 1357, 1379, 1383, 1384, 1394, 1407, 1408, 1409, 1410, 1411, 3460, 3461, 1416, 1418, 1426, 3479, 3484, 1437, 3485, 1439, 3488, 1445, 1447, 1462, 1463, 1465, 3518, 3519, 1472, 1473, 3522, 3523, 3533, 3541, 3544, 3545, 1497, 1499, 1523, 3573, 3574, 3605, 3608, 3611, 3632, 1584, 3633, 3636, 3660, 3662, 1616, 3667, 3676, 3683, 1636, 3691, 3693, 1655, 3712, 3713, 1673, 1675, 3724, 3726, 1680, 1688, 1689, 1690, 1691, 1698, 1714, 1715, 1716, 1717, 1720, 1722, 1723, 1724, 1725, 3774, 3775, 3778, 3780, 3781, 1741, 1743, 1746, 1748, 1753, 3804, 1758, 3808, 3810, 3811, 3814, 1776, 1777, 1779, 1782, 1783, 1784, 3833, 3834, 3836, 3837, 3840, 3841, 3842, 1811, 1813, 3863, 3864, 3865, 3866, 3867, 3872, 3873, 3892, 1845, 3893, 3896, 3897, 3898, 1851, 3902, 1856, 1857, 1868, 1870, 3920, 3921, 3924, 1877, 3929, 3930, 3931, 1884, 3933, 3934, 1885, 1897, 1900, 3953, 1906, 3956, 1909, 3957, 3959, 3960, 3964, 1919, 1921, 1926, 1927, 3981, 1936, 1937, 1938, 3985, 3987, 3989, 3990, 3988, 3984, 1945, 1954, 1955, 1957, 1960, 1962, 1963, 4012, 4015, 4016, 4017, 4018, 4020, 4021, 1973, 1984, 1986, 1987, 1989, 1990, 1994, 4042, 4043, 1997, 4046, 4047, 1998, 1996, 2003, 2005, 2012, 2013, 4063, 4065, 4074, 4075, 2043, 4095]",approx,2,
images_tac/image_1575_tac.jpg,"glossy, splotchy, hard, flat","[2056, 2057, 4106, 2060, 2061, 2064, 4112, 2068, 4121, 2079, 36, 37, 2091, 2094, 51, 52, 4149, 4148, 4151, 4160, 66, 67, 4170, 4171, 81, 83, 4182, 96, 2144, 97, 2148, 2149, 2150, 108, 111, 113, 2161, 2164, 124, 2172, 2176, 2177, 2178, 133, 135, 142, 143, 2194, 2196, 2197, 152, 2201, 155, 156, 157, 167, 174, 178, 179, 194, 4301, 4302, 4311, 222, 235, 2306, 2307, 4360, 4362, 4367, 4369, 4372, 4373, 2334, 2335, 2336, 4392, 4395, 4401, 4409, 4410, 2363, 2364, 2365, 317, 2367, 2368, 321, 2369, 2370, 4427, 4430, 4431, 4437, 2391, 4439, 2395, 4445, 4463, 2428, 393, 4494, 4495, 403, 405, 406, 407, 411, 412, 4508, 414, 4510, 413, 417, 418, 420, 421, 422, 423, 424, 425, 426, 428, 429, 430, 4527, 431, 4528, 434, 432, 433, 448, 496, 450, 451, 452, 4555, 2507, 461, 462, 465, 466, 467, 468, 469, 4566, 471, 4569, 2521, 475, 4572, 477, 476, 479, 2528, 4570, 478, 4579, 484, 4582, 487, 4584, 2536, 490, 491, 489, 4586, 492, 488, 493, 497, 494, 495, 500, 501, 502, 2551, 504, 498, 499, 516, 517, 518, 519, 520, 521, 2570, 522, 526, 527, 528, 529, 530, 531, 2579, 2578, 2581, 533, 532, 2585, 2586, 2588, 2594, 2595, 548, 549, 550, 551, 552, 553, 2602, 559, 561, 562, 563, 575, 576, 577, 2628, 580, 2629, 583, 582, 585, 586, 587, 588, 589, 590, 591, 2641, 2644, 2654, 611, 613, 614, 615, 618, 619, 624, 634, 636, 637, 638, 640, 641, 647, 2697, 2698, 651, 652, 2712, 666, 667, 668, 669, 670, 671, 672, 675, 2723, 676, 2726, 2727, 2728, 681, 682, 683, 684, 2730, 678, 679, 694, 697, 699, 701, 702, 703, 704, 706, 2755, 708, 709, 711, 712, 713, 724, 725, 727, 729, 730, 731, 736, 737, 739, 744, 748, 752, 754, 755, 757, 758, 770, 772, 773, 774, 775, 779, 780, 783, 785, 786, 787, 789, 790, 804, 806, 807, 808, 810, 811, 836, 837, 838, 839, 840, 841, 842, 863, 864, 865, 866, 867, 581, 898, 939, 947, 948, 949, 950, 952, 953, 964, 965, 966, 967, 968, 969, 970, 971, 977, 980, 981, 983, 984, 985, 990, 995, 997, 999, 1002, 1005, 3061, 1015, 1016, 1017, 3066, 3067, 1019, 1027, 1042, 1043, 1046, 1049, 1051, 1052, 1055, 1074, 1075, 1076, 1077, 1081, 1082, 1085, 3150, 1106, 1140, 1143, 1144, 3201, 3234, 1201, 1223, 1224, 1226, 1227, 1228, 1230, 1233, 1234, 1240, 1245, 1249, 1259, 1260, 1266, 1267, 3324, 1282, 1283, 1284, 1285, 1287, 1292, 1293, 1294, 1295, 1296, 1297, 1312, 1313, 1315, 1316, 1319, 1320, 1321, 1325, 1326, 3387, 1344, 1345, 1347, 3403, 1360, 1370, 1371, 1387, 1390, 1399, 1400, 3456, 1417, 1432, 1450, 1460, 1461, 1477, 1480, 1483, 1485, 1487, 1492, 1509, 1510, 1511, 1512, 3561, 1513, 1516, 1517, 1518, 1534, 1536, 3585, 1537, 1538, 1540, 3589, 1542, 1544, 1545, 1546, 1553, 1564, 3617, 1571, 3620, 1573, 1578, 1579, 1580, 1581, 1590, 1594, 1598, 3649, 3657, 3658, 1621, 3674, 3675, 3684, 1640, 1642, 1674, 1737, 1766, 1767, 1788, 1789, 1790, 1791, 1792, 1795, 1796, 3844, 1798, 1797, 1800, 3843, 1799, 1801, 1804, 3854, 1807, 1806, 3862, 1814, 1816, 1817, 1818, 1819, 1820, 1823, 1824, 1825, 1830, 1834, 1835, 1839, 3889, 1846, 1847, 1848, 3910, 3911, 1865, 1895, 1918, 1941, 1951, 1969, 1972, 2002, 2030, 2031, 4081, 2042, 4093]",approx,6,
images_tac/image_3298_tac.jpg,"hard, flat, lined","[4102, 4104, 2057, 4106, 2056, 2060, 13, 2061, 4107, 4112, 4105, 4114, 4115, 2068, 4121, 27, 4124, 4125, 2079, 36, 4133, 4134, 37, 4136, 4137, 4138, 4141, 2094, 52, 4149, 4150, 4151, 4148, 4160, 4166, 4170, 4171, 81, 4179, 4182, 4183, 87, 4191, 96, 2144, 97, 4203, 108, 111, 113, 2161, 2164, 4216, 4219, 124, 2171, 2172, 4221, 133, 4230, 135, 4229, 4238, 4239, 4240, 4242, 2194, 4244, 2197, 2196, 155, 156, 157, 4254, 2206, 4256, 167, 171, 4268, 4270, 2223, 178, 179, 4280, 4284, 2240, 2241, 194, 4295, 4297, 2250, 4301, 4302, 4310, 4311, 222, 223, 2277, 239, 2288, 253, 4354, 2307, 2306, 4357, 4360, 4362, 4367, 4369, 4372, 4373, 280, 2328, 2330, 2336, 289, 2342, 2343, 4392, 4395, 4401, 4409, 4410, 2363, 4412, 2365, 2364, 2367, 317, 321, 2374, 4427, 2382, 4431, 338, 339, 4437, 2390, 2391, 343, 4439, 348, 4445, 350, 351, 352, 2404, 2405, 4463, 2416, 2428, 381, 382, 4479, 393, 4494, 4495, 2449, 405, 406, 407, 411, 4508, 4509, 414, 4510, 4512, 4513, 417, 2467, 420, 421, 422, 418, 426, 4523, 4524, 429, 430, 4527, 431, 428, 433, 4533, 440, 442, 448, 450, 452, 453, 4551, 458, 4555, 2507, 459, 462, 465, 466, 467, 4566, 4568, 4569, 2521, 475, 4572, 477, 476, 4570, 2528, 2530, 4579, 4578, 2533, 4582, 487, 2536, 4585, 489, 4586, 492, 488, 493, 491, 490, 497, 498, 496, 499, 502, 2551, 504, 505, 515, 516, 517, 520, 521, 522, 523, 528, 529, 530, 531, 532, 2581, 533, 4584, 2586, 2588, 548, 549, 550, 551, 552, 553, 2602, 558, 559, 561, 575, 576, 577, 2626, 2625, 580, 581, 582, 583, 585, 588, 589, 590, 591, 2641, 2644, 2647, 2654, 608, 2657, 610, 611, 613, 618, 619, 624, 2673, 634, 636, 637, 638, 2687, 647, 2697, 652, 2712, 668, 669, 670, 671, 672, 673, 675, 2726, 2727, 2728, 681, 2730, 678, 684, 679, 2734, 694, 697, 699, 701, 702, 703, 704, 2755, 709, 711, 712, 713, 718, 724, 727, 736, 744, 748, 754, 755, 757, 758, 2807, 770, 772, 779, 783, 785, 786, 787, 2851, 804, 806, 807, 815, 2864, 2882, 838, 839, 840, 841, 842, 2890, 2888, 864, 865, 866, 2917, 2928, 898, 2953, 939, 948, 949, 950, 952, 953, 964, 965, 966, 980, 981, 990, 999, 3051, 3061, 1015, 1016, 1017, 3066, 3067, 1019, 3077, 3082, 1042, 1043, 1051, 1052, 3111, 3117, 3119, 3120, 3121, 1074, 1076, 1077, 1082, 1088, 3141, 3148, 3150, 1122, 1131, 1140, 3191, 1143, 1149, 3201, 3208, 3225, 3234, 3235, 1192, 1200, 1201, 3256, 3257, 3261, 3263, 3266, 3268, 3269, 1224, 1226, 1227, 1228, 1230, 3279, 1234, 3292, 1245, 3293, 3294, 3296, 3297, 3295, 3299, 3300, 3301, 3310, 1262, 3324, 3325, 3326, 3327, 3328, 3330, 3331, 1284, 1285, 1286, 1287, 1294, 1295, 1296, 1297, 3349, 3352, 3353, 3354, 3355, 3356, 3357, 3358, 3359, 1312, 1313, 3362, 1315, 3360, 1319, 1325, 1326, 1335, 3387, 1347, 1348, 3402, 3403, 1360, 3410, 1362, 1370, 1371, 1373, 1387, 1397, 1400, 3456, 1411, 3463, 1417, 1427, 3494, 3495, 1460, 1461, 1471, 3520, 1473, 1480, 1485, 1487, 1497, 3547, 1502, 1509, 1510, 1511, 1512, 3561, 1513, 3563, 1518, 1534, 1536, 3585, 1537, 3587, 1540, 3589, 3590, 1544, 1545, 1546, 3596, 3607, 3617, 1571, 3620, 1573, 3622, 3623, 1578, 1579, 3640, 1594, 3649, 3651, 1606, 1607, 3657, 3658, 3665, 1621, 3674, 3675, 1629, 3684, 1640, 1642, 1664, 1674, 3729, 3742, 3749, 3750, 3751, 1715, 1729, 3786, 3792, 3801, 3808, 1767, 3816, 1777, 1781, 1783, 3835, 1789, 1790, 1791, 1792, 1795, 3844, 3843, 1799, 1800, 1801, 1804, 1812, 3862, 1814, 1818, 1819, 3869, 1823, 1824, 1825, 1834, 1835, 3888, 3889, 1846, 1847, 1848, 3897, 3905, 3910, 3911, 3914, 1870, 3924, 3925, 1894, 1895, 1909, 3957, 1913, 1918, 1962, 1969, 1971, 1972, 2002, 2003, 2009, 2010, 4072, 2026, 4080, 4081, 4093]",approx,1,
images_tac/image_3669_tac.jpg,"fabric, coarse, deformable","[6, 2567, 3088, 4116, 3095, 24, 4120, 538, 542, 543, 4128, 3105, 4131, 43, 3115, 46, 4143, 2097, 565, 4152, 61, 3136, 70, 71, 2636, 2637, 4172, 3151, 4173, 3154, 88, 3163, 3680, 99, 3176, 3182, 625, 1651, 629, 1658, 123, 635, 1667, 3209, 3722, 1676, 1677, 2191, 2703, 657, 3219, 150, 3222, 2716, 163, 3748, 3240, 4264, 2220, 3245, 2224, 2225, 690, 3763, 3250, 1717, 1721, 1724, 1725, 1213, 3284, 2774, 1239, 2778, 2785, 2274, 3303, 1774, 1775, 2801, 4343, 1279, 2823, 3338, 3342, 3858, 1300, 3864, 3865, 2841, 286, 3877, 3371, 3883, 2859, 2863, 2866, 3379, 3378, 2873, 3385, 1851, 2876, 831, 2893, 3408, 3409, 3411, 853, 3419, 3933, 2916, 1383, 3945, 1386, 4459, 3436, 3437, 3954, 1906, 3444, 3445, 3959, 888, 889, 1402, 1924, 3973, 3473, 1938, 4499, 2452, 3996, 3997, 419, 4004, 4005, 4516, 2471, 4008, 3497, 2984, 1956, 3502, 2990, 1968, 3503, 4018, 1456, 4022, 2999, 955, 445, 4032, 4033, 962, 963, 3525, 455, 4040, 4041, 3017, 2505, 973, 3021, 4564, 2005, 3031, 4058, 1499, 4059, 4063, 482, 483, 4067, 1508, 4066, 2018, 3560, 3052, 4083, 3064, 3065, 4092]",approx,37,
images_tac/image_3991_tac.jpg,"patterned, grainy, sewn, fabric","[2, 2055, 10, 11, 16, 17, 18, 19, 20, 21, 22, 23, 29, 2077, 31, 33, 4132, 39, 2087, 40, 42, 2092, 2093, 44, 48, 49, 50, 55, 2107, 64, 69, 2120, 72, 74, 75, 76, 77, 73, 80, 86, 2138, 92, 99, 101, 102, 103, 104, 105, 110, 112, 134, 140, 141, 2189, 147, 151, 153, 2202, 2204, 161, 164, 2213, 175, 2232, 2234, 2235, 189, 190, 191, 4288, 198, 2256, 2260, 213, 2266, 219, 2267, 227, 4323, 2278, 2282, 234, 2283, 2292, 2293, 254, 2316, 2317, 269, 2320, 2321, 277, 2327, 281, 2329, 2331, 4383, 288, 287, 2338, 2339, 295, 2344, 300, 301, 2352, 2353, 2354, 323, 326, 2375, 327, 2380, 2381, 2388, 2389, 341, 346, 4443, 2397, 2398, 363, 2414, 2415, 372, 2432, 2433, 2439, 2441, 2446, 2448, 2451, 2459, 2461, 416, 2473, 2483, 443, 447, 2498, 2502, 2503, 2504, 463, 2524, 2531, 2532, 2534, 2535, 486, 2556, 2557, 2561, 2571, 2584, 2590, 2591, 2619, 571, 2621, 2624, 2631, 2652, 2653, 2656, 2670, 626, 631, 633, 2683, 2700, 2703, 2707, 2708, 2709, 2713, 2718, 2719, 2743, 2745, 2762, 2777, 2797, 2808, 2809, 2819, 2831, 2839, 2845, 818, 819, 2872, 844, 862, 887, 893, 2949, 2950, 2951, 2957, 912, 2967, 919, 2971, 927, 2982, 935, 941, 2993, 2994, 2995, 2998, 956, 3015, 3017, 3023, 3025, 3040, 3053, 3062, 3072, 3073, 3076, 3079, 3083, 3092, 3093, 3096, 3102, 3103, 3105, 3106, 3107, 3112, 3124, 3125, 3128, 3129, 3130, 3134, 3135, 3137, 3138, 3139, 3142, 3149, 3151, 3152, 3153, 3156, 3157, 3160, 3161, 3165, 3168, 3169, 3170, 1125, 3181, 3182, 3184, 3185, 3187, 3188, 1141, 1142, 3189, 3194, 3195, 3196, 3198, 3199, 3200, 3202, 1155, 3209, 3212, 3213, 3216, 3217, 3219, 3220, 3221, 3224, 3227, 3228, 3229, 3230, 3231, 1185, 1187, 3238, 3241, 3242, 3245, 3246, 3247, 3252, 3262, 1220, 3271, 3274, 3275, 3278, 3280, 3281, 3285, 3288, 1241, 3290, 3304, 3305, 3306, 3309, 3311, 3314, 3315, 3316, 3319, 1281, 3332, 3336, 3337, 3340, 3341, 3344, 3345, 3348, 3350, 3363, 3366, 3367, 3397, 1354, 1356, 1357, 1377, 1378, 1379, 1384, 1385, 1394, 1407, 1408, 1409, 1410, 3460, 3461, 1416, 1418, 3471, 3479, 3484, 1437, 1436, 1439, 3485, 3489, 3488, 1444, 1445, 1447, 3505, 1462, 1463, 1465, 3518, 3519, 1472, 3522, 3523, 3533, 3534, 3541, 3544, 3545, 3548, 3558, 1522, 1523, 3573, 3574, 3601, 3605, 3608, 3611, 3632, 1584, 3633, 3636, 3637, 1592, 1609, 3660, 3662, 1616, 1617, 3667, 3676, 3683, 1636, 1637, 3691, 3693, 3697, 1654, 1655, 1663, 3712, 3713, 1673, 1675, 3724, 3726, 1680, 1688, 1689, 3738, 1691, 1690, 1696, 1698, 1699, 1714, 1716, 1717, 1720, 1722, 1723, 3774, 3775, 3778, 3779, 3780, 1733, 3781, 3789, 1741, 1743, 1746, 1748, 1750, 1751, 1753, 3804, 3805, 1758, 1759, 3811, 3814, 1776, 1779, 1782, 1784, 3833, 3834, 3836, 3837, 3840, 3841, 3842, 3845, 1811, 1813, 3863, 3866, 3867, 3872, 3873, 3891, 3892, 1845, 3893, 3896, 3898, 3902, 1856, 1868, 1869, 3920, 3921, 1877, 3929, 3930, 3931, 1884, 1885, 3934, 1897, 1900, 1901, 3953, 3956, 3960, 3964, 1921, 1926, 1927, 3981, 1936, 1937, 3985, 3987, 3988, 3989, 3990, 3984, 1945, 1954, 1955, 1957, 1960, 1963, 4012, 4015, 4016, 4017, 4020, 4021, 1973, 1984, 1989, 1990, 4042, 4043, 1994, 1997, 4046, 4047, 1998, 2012, 2013, 4065, 4074, 4075, 2043, 4095]",approx,3,
images_tac/image_1431_tac.jpg,"hard, uneven, plastic",[649],strict,1298,
images_tac/image_3875_tac.jpg,"smooth, lined, flat, hard","[2053, 4102, 4104, 2057, 4106, 2056, 4108, 13, 4110, 4111, 2060, 4109, 4114, 4115, 2068, 2061, 4112, 4121, 4122, 4123, 4124, 4125, 27, 2079, 36, 4133, 4134, 4135, 4136, 4137, 37, 4138, 4141, 2094, 52, 4149, 4150, 4151, 4148, 4160, 4166, 4170, 4171, 81, 4179, 4182, 4183, 4186, 4187, 4191, 96, 2144, 97, 4203, 108, 111, 4209, 113, 2161, 2164, 4215, 4216, 4219, 124, 2171, 2172, 4223, 4221, 133, 4230, 135, 4232, 4229, 4238, 4239, 4240, 4241, 4242, 2194, 4244, 2197, 2196, 4248, 155, 156, 157, 4254, 2206, 4256, 167, 171, 4268, 4270, 2223, 4105, 178, 179, 4280, 4107, 4282, 4281, 4284, 2240, 194, 4295, 4297, 4301, 4302, 4303, 4310, 4311, 217, 4313, 222, 223, 229, 4329, 4331, 4332, 239, 2288, 4338, 4354, 2307, 2306, 4357, 264, 4360, 4362, 2313, 270, 4367, 4369, 4372, 4373, 4374, 2325, 280, 2330, 4381, 2336, 289, 290, 291, 4388, 4390, 4392, 2347, 4395, 304, 4401, 4404, 4405, 2357, 311, 4409, 4410, 315, 4412, 2365, 2363, 2367, 2364, 321, 317, 319, 4422, 4427, 4430, 4431, 2382, 4433, 338, 339, 4437, 2391, 343, 4439, 348, 4445, 350, 352, 4448, 4449, 4453, 2408, 4458, 4463, 2416, 367, 2418, 2422, 377, 2428, 381, 383, 4479, 393, 4493, 4494, 4495, 405, 406, 407, 2458, 4507, 411, 4509, 4508, 414, 4510, 4513, 417, 4512, 420, 421, 422, 418, 4520, 426, 4523, 427, 429, 430, 4527, 431, 4524, 428, 433, 4533, 440, 448, 450, 452, 4551, 4553, 458, 4555, 2507, 459, 462, 465, 466, 467, 4566, 4567, 4568, 4569, 2521, 475, 4572, 477, 476, 4570, 2528, 2530, 4579, 4578, 485, 2533, 487, 488, 2536, 4585, 489, 492, 4586, 493, 491, 490, 497, 498, 496, 499, 502, 2551, 504, 505, 515, 516, 517, 520, 4581, 522, 523, 521, 4582, 528, 529, 530, 531, 4583, 2581, 533, 532, 4584, 2586, 2588, 548, 549, 550, 551, 552, 553, 554, 2602, 558, 559, 561, 575, 576, 577, 2626, 580, 581, 582, 583, 585, 588, 589, 590, 591, 2641, 593, 2644, 2647, 605, 2654, 608, 609, 610, 611, 2657, 613, 618, 619, 622, 624, 2673, 2674, 2679, 634, 636, 637, 638, 2687, 2685, 644, 645, 647, 2697, 652, 653, 2712, 668, 669, 670, 671, 672, 673, 675, 2726, 2727, 2728, 681, 2730, 678, 684, 679, 2734, 687, 694, 697, 698, 699, 701, 702, 703, 704, 2755, 709, 711, 712, 713, 716, 718, 724, 727, 734, 736, 2786, 744, 747, 2796, 748, 754, 755, 756, 757, 758, 2807, 764, 770, 771, 772, 2821, 779, 2828, 783, 785, 786, 787, 2851, 804, 806, 807, 815, 2869, 2882, 838, 839, 840, 841, 842, 2888, 2904, 2905, 864, 865, 866, 2914, 2917, 2922, 2923, 2926, 2927, 2928, 2933, 2945, 898, 2948, 2953, 930, 931, 934, 2983, 939, 948, 949, 950, 952, 953, 3004, 964, 965, 3014, 966, 3022, 980, 981, 990, 3041, 999, 3051, 3060, 3061, 3063, 1016, 1017, 3066, 3067, 1019, 1015, 3082, 1042, 1043, 1051, 1052, 1053, 3111, 3113, 3117, 1071, 3119, 3120, 1074, 1075, 1076, 1077, 1081, 1082, 1088, 3141, 1100, 3148, 1101, 3150, 1104, 1127, 1131, 3179, 1140, 1143, 3201, 3207, 3208, 1166, 1167, 1171, 1176, 3234, 3235, 3239, 1192, 1200, 1201, 3261, 3263, 3264, 3265, 3266, 3268, 3269, 1224, 1226, 1227, 1228, 1229, 1230, 1234, 3291, 3292, 1245, 3293, 3294, 3296, 3297, 3295, 3299, 3301, 1262, 1268, 3322, 3323, 3324, 3325, 3326, 3327, 3328, 3329, 3330, 3331, 1284, 1285, 1286, 1287, 1294, 1295, 1296, 1297, 3349, 3351, 3352, 3353, 3354, 3355, 3356, 3357, 3358, 3359, 1312, 1313, 3362, 1315, 3360, 1317, 1319, 1325, 1326, 1335, 3387, 1339, 1347, 3402, 3403, 3404, 1360, 3410, 1362, 3417, 1370, 1371, 1373, 1387, 1397, 1400, 1404, 3456, 1414, 3463, 1417, 1427, 3476, 3494, 3495, 1451, 1454, 1455, 1458, 1460, 1461, 1466, 1471, 3520, 1476, 1480, 1485, 1487, 3547, 1502, 1509, 1510, 1511, 1512, 3561, 3562, 3563, 1513, 3566, 1519, 1518, 1521, 3576, 1534, 1536, 3585, 1537, 3586, 1540, 3589, 3590, 3591, 1544, 1545, 1546, 3587, 3596, 3593, 3607, 3615, 3617, 3618, 1571, 3619, 3620, 3622, 3623, 1573, 1578, 1579, 3627, 3640, 1594, 3649, 3651, 3657, 3658, 3665, 1621, 3674, 3675, 1629, 3684, 3686, 3687, 1640, 1642, 3707, 1674, 3725, 1678, 3739, 3747, 1700, 3749, 3750, 3751, 3756, 3765, 3769, 1729, 3786, 3788, 3791, 3792, 3798, 3799, 3800, 3801, 1767, 3816, 1772, 1781, 3832, 3835, 1789, 1790, 1791, 1792, 1795, 3844, 3843, 1799, 1800, 1801, 1804, 3854, 3859, 3862, 1814, 1818, 1819, 3869, 1823, 1824, 1825, 3876, 1834, 1835, 3888, 3889, 1846, 1847, 1848, 3905, 3906, 3907, 3910, 3911, 3914, 3916, 3917, 3938, 1894, 1895, 3942, 1908, 1913, 1918, 3994, 1969, 1971, 1972, 2002, 2009, 2010, 4072, 2026, 4078, 4079, 4080, 4081, 4084, 4093]",approx,14,
